OH_13C,OH_D,Cl_13C,Cl_D
1.005060934072834,1.3084829885118177,1.0675009023916129,1.5388112943278243
1.0040921704490133,1.3088627359505538,1.0677587959497257,1.535555838708579
1.0047318771805238,1.2961059694514379,1.0677569006026146,1.519001481780275
1.0050675752456106,1.300423077359115,1.0670646183711068,1.5273088812872815
1.0043887380372072,1.3062251702991508,1.067231958845151,1.5425794458544178
1.0045557278783086,1.3214783804699086,1.063657609659275,1.5308630853661038
1.0049237432559626,1.2986118319591073,1.067357827126144,1.5213515813897778
1.0045883736633074,1.3127684594664455,1.0654497154975466,1.549898826224688
1.004852077480001,1.312268120221714,1.0674224531595857,1.5358669447039985
1.0051801046099023,1.3017200030335563,1.0641610954279968,1.5299432148810752
1.0048964703104912,1.3074107664275223,1.0669135504751148,1.506761481178667
1.0041419076685505,1.310534477578411,1.066961493317812,1.5289306235205988
1.00444271891583,1.2968924473374315,1.0633546007752912,1.5000550634479703
1.0050681263559487,1.3176573762422468,1.0641327646399803,1.5158912488426475
1.004358934936226,1.3131142457750826,1.0648117000886064,1.491078842912231
1.0047761469533691,1.3154449378513091,1.0639530050147563,1.5235855126991262
1.0040551044515837,1.3133922708818644,1.0647204969345005,1.5014684811718895
1.0053378388198622,1.3099160134191157,1.0666270276949004,1.5367625313578877
1.0046102341015855,1.3028101968820325,1.0643741178093795,1.5116928547964064
1.004110373633498,1.3122831927367886,1.0626506341105912,1.5102738418185333
1.0052740177677064,1.3015970616995312,1.0640697664755354,1.505495478709285
1.0053293490926047,1.303600288658624,1.065686724204684,1.5191847494772914
1.0053885633460837,1.3234253497864121,1.069158182512821,1.5231998322714688
1.0048924918947517,1.3063307050528326,1.0668575128769233,1.5507151198399198
1.0051466690081874,1.2990583824486084,1.0652336253577281,1.549228885844844
1.0046511117793036,1.2987486175841914,1.0666751490975979,1.5481496372262744
1.0049413936534644,1.3131768481042898,1.0642436952661425,1.5133175311859837
1.0043514230376713,1.3101232734966006,1.0670762308740078,1.546747962148855
1.0048509626675217,1.2974946143237749,1.0661809795632557,1.524564566602778
1.0046010724023329,1.3198971938253221,1.0666312100071806,1.5441170724177646
1.00480902373105,1.3226353854746082,1.0704220839211844,1.5094112114526785
1.004271759344427,1.3018098579789201,1.0638064288430908,1.5567382705664263
1.0051369962856846,1.3042410442394945,1.065509444308116,1.5355467515212349
1.0039317220245048,1.2958280485024207,1.0664643397792526,1.5088934556236198
1.0046567893555334,1.322875163093742,1.0645568839329143,1.5263298852334661
1.0039738811798915,1.306329266569166,1.0665223154338164,1.4977517705603316
1.0051653624273966,1.3237875537496113,1.063779138631171,1.510569503851001
1.0047041020539216,1.3109693547162837,1.0689429839459863,1.468666831181374
1.0046168159110356,1.3077573491636312,1.0694547004283284,1.4893227719016773
1.004345314711857,1.3253123115816061,1.0671653104839756,1.5546462321081989
1.0051065877419207,1.3115798351101695,1.0661330916317184,1.5060515235339944
1.004821569610813,1.2971381596915879,1.0696412923152936,1.534615493822773
1.0047905230066996,1.319826595452775,1.0646021391428426,1.499725652671192
1.0047474259172087,1.312890206963117,1.0614174209828038,1.5260873345806052
1.0052968543535352,1.2979512084205371,1.0628368112010922,1.54951898096107
1.0044004566374924,1.3236460960629306,1.0664688017853974,1.5254068647856345
1.0053041911950638,1.3084508332275588,1.065749981939361,1.5496291109531795
1.0044645392102214,1.3265588409825027,1.0677135879651332,1.5368364013378013
1.004782386999954,1.3166411800484799,1.0662157608886862,1.5461910136972106
1.0043528910871637,1.3243085825520133,1.066552548358657,1.4917446823221527
1.004059629297807,1.32697045610565,1.0646752500818235,1.5227648286411737
1.0041145328127499,1.3196333420428432,1.067641056950835,1.5121251765555086
1.0048088877664716,1.3204488997583608,1.0630356292051144,1.473327677603034
1.004947181175968,1.3216533472156275,1.0658617241305477,1.547071717791388
1.0041895622363033,1.3029350387934875,1.0676071700387573,1.5544153966233196
1.0052262185670502,1.3174160834083204,1.067856593983137,1.5078999857438253
1.0048546125131617,1.3128896339486351,1.0667238437078577,1.5464132331105633
1.0053108916145435,1.2988984866673619,1.0657377249395934,1.526975517880926
1.0043570569056413,1.3081208060514846,1.0666661407452365,1.5194827430409228
1.0043755613669758,1.295189974531153,1.0654136168267025,1.5587446232485904
1.0048719227233018,1.315530290865194,1.0672383422339509,1.5132148303223196
1.0046691088669102,1.3183112877199132,1.0661830403563464,1.531615541906596
1.0051560735435177,1.310306674335075,1.0672249718211002,1.5333117047262685
1.0041594916677874,1.3043584812034656,1.0623371878315697,1.513287852637627
1.0048012606119177,1.2979491943435415,1.0600709423243169,1.5091300898413473
1.004958109548226,1.3067987759404005,1.0661989549460316,1.518277986963579
1.0051544564358255,1.3266413890885589,1.0640597009606971,1.5022460868857088
1.0040200739254692,1.3189258957022265,1.0665164576466455,1.5512943604333982
1.0042492784274155,1.3036379579003794,1.0649224573647647,1.5429562532146712
1.0048563830507178,1.3154219186544311,1.065493244862104,1.5168163025723989
1.0051667183099309,1.3099248927833806,1.0665928360016175,1.5607014660546215
1.0044108861933874,1.310460959631539,1.0649724579204596,1.5022240537353817
1.0044082834534145,1.3003228993188691,1.065680703385156,1.5069416771067057
1.0043170331599012,1.3172001043680635,1.066379686785675,1.4909035502948442
1.0049810439200775,1.3257859703771295,1.0654124421596958,1.4985573395714629
1.0048811536142235,1.3260038988512837,1.0635552513749202,1.524980722446139
1.0046345496127254,1.3265228255933326,1.0664833194396417,1.4845007588071575
1.0051030896804787,1.3245151550182563,1.0675258529646738,1.5289619872787241
1.0049698872944677,1.3195327825308036,1.0643868021913854,1.4943473069947897
1.0051871879569374,1.2941485041230087,1.0665378268953574,1.5076066813174278
1.0042564875450408,1.322141777277853,1.0692218739900239,1.5709865590521401
1.005229836343258,1.3001905915040033,1.067159122284953,1.5304901475057218
1.004511912926697,1.2985151021749777,1.0672305135339373,1.4853865678898557
1.0044480676947987,1.2962165000719763,1.0671745183336057,1.5263880052758245
1.005338813909267,1.318814783011972,1.064195153810415,1.5131531812267223
1.0046943130829276,1.3184964923307931,1.0675696880732164,1.5254473951054848
1.0052114715479363,1.3033471487972539,1.06684037719745,1.5277540628252404
1.0049118962154686,1.32088306862289,1.0649983100611282,1.5112918505411208
1.0053330241422818,1.3109201581219037,1.0655084769999743,1.539041073062798
1.0039982956508775,1.3090188887995882,1.0655977906909624,1.5422593178332054
1.0049472845884149,1.3008316778703188,1.0671170979185485,1.515569277685384
1.003901849593768,1.3107695227418248,1.0635682181517918,1.4887304410426263
1.0043837356614516,1.302001934149935,1.0630067226201934,1.5015422711620947
1.0045911544078594,1.3174814153726937,1.0661165486618709,1.5309747763772825
1.0039469252693525,1.2976507724295527,1.0615054628893184,1.5400349079530302
1.0051800541890137,1.3144309298520902,1.067032595144203,1.512565666068286
1.0048051366815,1.3264934346093822,1.068272097367111,1.5015829920438175
1.0045210391406838,1.3044819759339976,1.0672738125667445,1.5268158281600421
1.0049621368535255,1.3183731527530935,1.0687184412005912,1.5251042683371174
1.0041594159046632,1.3107406591522075,1.0633946957663312,1.5189760577636682
1.0052459532996312,1.3230525499042138,1.065594172030409,1.4983514560522342
1.0048954315699905,1.3215960908358058,1.0657546307250099,1.5399140277179986
1.0047303112601345,1.3070734945019553,1.0667585600687304,1.5457466222321012
1.0046718745778282,1.29441150597206,1.0648442117838448,1.525057696299398
1.004923872397314,1.298929347160149,1.063721141997817,1.5103751775226917
1.0052175486007162,1.306508738936231,1.0657647782891497,1.54428379657857
1.0052559599363171,1.3225638937975939,1.064211307907845,1.5134747598995393
1.0044657170205336,1.3177373136117971,1.0658134027006931,1.522621156520923
1.0048026621338015,1.3248675851956944,1.0650204996341976,1.5381720271978423
1.0049268431100906,1.3052027658888938,1.0673331453372192,1.500359611603394
1.0042031321524683,1.300130282450746,1.0651861125024549,1.50830251730134
1.004878778801129,1.3103517163687444,1.062082817119206,1.5197536141414139
1.005376852912376,1.3264181005424496,1.0636560568141984,1.4981335228422523
1.0051686954367032,1.314352953909551,1.0648845422250097,1.5118322274549054
1.0050026941412795,1.3037690844760308,1.062928715860148,1.5277938341064001
1.0040809830061657,1.3235720287199797,1.0634459671100596,1.5213983916198965
1.0042678884595349,1.3174380916440875,1.0683150155160424,1.548726035131266
1.0053100285162113,1.323303631343984,1.0648571015616066,1.5166768431610054
1.004097632249338,1.2981469071446616,1.0668966481319464,1.5433061507109436
1.00427977690919,1.294991801099119,1.0677319372768344,1.524232194655901
1.0046978291370192,1.3001788851723064,1.0601388112482946,1.527657714727701
1.0044120806010726,1.2956535207599988,1.0687410819772283,1.5103193973685465
1.00528567497414,1.3084536568963723,1.0657805450966116,1.5192877852761981
1.004093545085773,1.2990267814352001,1.0657876361387548,1.5244624403681233
1.004889926951694,1.3137899467716276,1.0668876254187663,1.5292673961206538
1.00396038060991,1.3088378787179484,1.0666620803099924,1.513947604810591
1.00500776606903,1.3073036267359297,1.0667054403260527,1.535336457435685
1.0044135436499502,1.3074691700516234,1.0672678207554676,1.5200598658239992
1.0039296496680141,1.3047760458081687,1.0688846095823725,1.5099851051248616
1.0043127287884026,1.2985755983757028,1.067239403930965,1.526797507223854
1.0053293837027284,1.3141319959352766,1.0660721198535956,1.519907340555513
1.00393484137352,1.307202027722447,1.0659972146971133,1.5397227263392155
1.004716822603062,1.3101642004510512,1.0662038517747454,1.504753530839447
1.0053673066461468,1.3185847203507297,1.0655918628311223,1.5221929550914801
1.0043339802041535,1.3025076775201778,1.0668894536363904,1.5169262979127596
1.0039112605492,1.3050922889614693,1.0669100474406952,1.5489025191385306
1.005397914272518,1.30035549716662,1.0664535720922184,1.5463802639548279
1.0041069962760218,1.3200943531385678,1.06612383296736,1.5222079145122445
1.0045352430920196,1.3122221026424579,1.0660170112534464,1.5358986450583125
1.0049917649484532,1.3262299145811474,1.0684839199936276,1.5426019863280902
1.0050811958119472,1.3214599624843055,1.06441080108975,1.5460713013561618
1.0052395465293045,1.2987489869705924,1.0661579774326801,1.542673609575134
1.0039007781162486,1.3083984497699106,1.0655283412756504,1.5163164850696955
1.005191201460431,1.3211631121283531,1.0654738531510874,1.506282946476467
1.0050284933716505,1.3106378939448968,1.066007592503243,1.5543759000609971
1.0040783655220509,1.2968374175536612,1.065231508174239,1.5403808738648352
1.0048803097385406,1.3088080737376413,1.0662212262451574,1.5200267969350898
1.0048841108186426,1.3035397581940604,1.062985348704454,1.5002968393537834
1.003974188705719,1.3138514289310486,1.0621837391735496,1.5176623962718296
1.0044780542212857,1.3029329931293385,1.066834943917484,1.4935902203168592
1.0042184157082612,1.3235188794247197,1.0667307274841276,1.532259307609492
1.0039892300382751,1.3011008830627477,1.069920969201566,1.4954400023835501
1.0045341010514082,1.2998125638727116,1.065795206586778,1.506988727591888
1.0042972107659824,1.314146007222279,1.0650218450637623,1.516280866456279
1.0048293538844655,1.2980249758189175,1.0686499113587633,1.519111276645913
1.0045018974462792,1.304689910074942,1.0648467054155326,1.5311908074123233
1.004640508114406,1.3260391960420093,1.066173011083843,1.5265401973757864
1.0040549252186606,1.3225827720089236,1.063997417134487,1.5536717241907605
1.0052991694294855,1.3069192353245118,1.062881233529389,1.5393459847168556
1.0043810733200411,1.305409116590167,1.0659229234763132,1.5547929608386202
1.0047440086158623,1.3189328049016231,1.0657690022414021,1.5032788577030842
1.005318279836533,1.3069519962307432,1.0667461046368685,1.5075279862148359
1.0039397986558092,1.3185341787203386,1.0616587691804091,1.4797179481026943
1.0052181454296738,1.3063109993894158,1.0676483992395918,1.5233941309028562
1.0053481239302227,1.325798137103331,1.0646771662153864,1.4968507073553317
1.0046226453270433,1.3126249584518528,1.061038582980031,1.5000716274799522
1.0050921258376264,1.3216446563201723,1.0668079080414712,1.531309208383382
1.0049351901543677,1.299391926104932,1.0648784916718246,1.519555044103016
1.0042214896042825,1.298607580587911,1.067484057805959,1.4824402246806818
1.0053616256846634,1.2966642642400905,1.0673157760208665,1.5742149105443666
1.004701901126934,1.3267869188939658,1.0706196888441801,1.5265368694077606
1.0053038111530166,1.3216366995449966,1.0667052544078344,1.558259096154635
1.0044958499522092,1.3086855298101818,1.067832622882149,1.4853358179358203
1.004041429080232,1.3226210003365388,1.0679191810515003,1.4897049044841293
1.0050936828477506,1.3120072979046746,1.0663545227338977,1.5258246283369477
1.0044795121858348,1.3059327679758979,1.0661883661164646,1.54497515544821
1.004818331512891,1.295160807412086,1.0669244249780212,1.4825756376787802
1.0053657890948715,1.301799894367657,1.0653520304490072,1.5159186096990314
1.0047058283255415,1.3146576553710696,1.0670263996221545,1.5116230251214993
1.0040358685878032,1.3014556556112538,1.0679909805658907,1.5394227801364582
1.0043811011784303,1.315555332205753,1.0641771127537254,1.5364885412476996
1.0041818553685546,1.2975413079734732,1.0627290735030843,1.524738972230919
1.0046169198711097,1.3079182800695806,1.0667211833553139,1.4921862914004949
1.0046035076185191,1.3235929272624931,1.0648135596302593,1.5134890997696093
1.00485690511637,1.322255557125288,1.0661814851275044,1.5557063678844947
1.0045376226512712,1.320800057719173,1.066080513004001,1.494272133298326
1.004197875495297,1.314685224431879,1.0614791704853244,1.516184790793309
1.004196500473382,1.3036138719674293,1.067126626147033,1.5222916887404776
1.00461760738913,1.2988650564650244,1.0663574819265726,1.5076741382361578
1.0046216846526448,1.3198129694438372,1.0636998290116952,1.534239540459821
1.0041645333646267,1.3094269898011428,1.0669974388821395,1.4778561530534062
1.004558232552703,1.303997832751631,1.0620050666142204,1.4863534703641794
1.00520075841491,1.3269613780320106,1.0605006479607388,1.5153174892543417
1.0039237083331602,1.3097476208983365,1.0672345631609845,1.5311072045701715
1.0042377664991584,1.3201691643056679,1.0626253046111733,1.501394706254599
1.0043021276572308,1.3140078801403596,1.0655266823506964,1.4843852378487306
1.0039869180168073,1.3253266862593054,1.0652690608117716,1.492481728227969
1.0042970675659293,1.3241384110621652,1.0662798486240783,1.5036684978508885
1.0042968964080192,1.3081885826467017,1.0628258033984035,1.5205025742243208
1.0042196124015985,1.2941420905970333,1.0680575618394912,1.4757162525791399
1.0040335630076127,1.3070427435740435,1.0627581729633837,1.4731131338316226
1.005192721626724,1.3151943298127438,1.0645408456117287,1.527559419959894
1.0049947228694545,1.3189009135611984,1.0682653796410393,1.5452907961867608
1.005094090671439,1.323950961415886,1.0652323981485845,1.5257643812618065
1.0045030716972356,1.301414752660014,1.0624460267213478,1.5264802504837995
1.004216401582733,1.3242740544457827,1.0682641045768284,1.4731140421242264
1.0048283745717603,1.319078907162124,1.065965924221325,1.5256613717602
1.004691186445109,1.318577440617953,1.067006097336754,1.4717178429793794
1.0047739665239719,1.3070383606390803,1.0646117228777088,1.509867946080576
1.0041827953508113,1.3202426645332295,1.0624803685846091,1.535035929316709
1.004610899106457,1.3265587486464865,1.0646075758968403,1.524479348567469
1.0053699678098353,1.3231564846019823,1.0669000413468437,1.5154516117471224
1.003936676261323,1.301265210408026,1.0639491797444443,1.5092437730728572
1.003946339255554,1.3070823957670388,1.0677461132001855,1.509303773235629
1.004696939132228,1.3197159081379684,1.0707492131000529,1.4852457080972574
1.0050159920840425,1.3115432263169495,1.0698058149245484,1.5109312340326282
1.0044243454171782,1.3130941067948132,1.0657736631805423,1.4997463229722368
1.0042176582451996,1.296970045904488,1.0632046276737632,1.5067459718328948
1.0047703603251144,1.3195557677507879,1.0660750464646793,1.5181825814074807
1.004419095734357,1.309432530930857,1.0656208889769214,1.5036049214245832
1.0043953019433967,1.3166396456936946,1.064450696287476,1.5084600725724493
1.0052646949341,1.303735633887509,1.06486872250329,1.5419838311109564
1.0041026196883263,1.3168868354963617,1.0644447881445036,1.5073983497948866
1.0042335518918453,1.3085517668493352,1.071619137940193,1.510972310980712
1.0052919559122488,1.310229815186626,1.0664213337554493,1.497571379079655
1.0052825274763564,1.3102857171543993,1.0684257673834463,1.5421833962298426
1.0039008521938884,1.3082542068130159,1.0653984708303066,1.482956762891976
1.0041510474994664,1.314679094184017,1.0668849092099395,1.5139114647428666
1.00465031447397,1.318951073874524,1.067921468615189,1.480943689399035
1.004773667112309,1.3267862432638127,1.0678652776859823,1.5296796458790305
1.0046928125934138,1.3214836228038298,1.0673475887873356,1.537210594159229
1.0043036957510842,1.3045880524442173,1.0668292325700535,1.5315732326763034
1.0044003248897175,1.3049123408992296,1.066021971027055,1.537579080554018
1.0047309716887254,1.2946981483769686,1.0673227563797836,1.507169145584343
1.004772590946938,1.294716874038235,1.068087486795441,1.5278675374050819
1.0051041283753184,1.3234707319968573,1.0663144656868724,1.5158193548794516
1.0048899793663557,1.3179189551341468,1.063611269038551,1.4987105450774765
1.0042366238390121,1.2955167872282247,1.0688442126998472,1.5108638003852268
1.0050649726538332,1.3207471506167734,1.0670857164489553,1.5404902535085339
1.0042353854813142,1.309011515257177,1.0669060375126245,1.511000592362707
1.0039267914387628,1.324523761599329,1.0636781760872265,1.5206474020145406
1.0047254852585465,1.2965791526162178,1.060165680238606,1.5438061140702024
1.0050096550398493,1.296475571142601,1.0680538114926412,1.4815699093890273
1.0049996867118394,1.3061766222589113,1.0674648556195256,1.485616777322479
1.0051893417001283,1.3064806172593195,1.0636761311872398,1.5064545163198144
1.0053809689299358,1.298969743479019,1.0623942876071644,1.5049567826386496
1.0043276836006227,1.3050565469576694,1.0646920737327261,1.5243060525988303
1.004073848297979,1.3232080686114844,1.0647190198562893,1.5145821274585813
1.0041096813857049,1.3085555551773704,1.06759308806104,1.5152833151237164
1.0048770024981102,1.2975860100365408,1.0664345463164573,1.5515016565521746
1.0046956617694047,1.3135860145505924,1.0654202487690503,1.5239676232125288
1.005313606376213,1.294734871080777,1.0679303409854575,1.5217573527416146
1.0053715072170308,1.2953974217619573,1.064668244577759,1.5286801964690022
1.0045787618972866,1.3218076025167005,1.0672513511431925,1.4947091601610418
1.0042987141199127,1.3106341089166302,1.064679399767956,1.5316370087861415
1.0046568178595559,1.3223645161297077,1.0630563752973516,1.5313030675761954
1.0041797249421338,1.303946221011766,1.0652061723175246,1.522274963069723
1.004295213142284,1.3057221885259995,1.0673200749835807,1.5583288975347083
1.004220746231917,1.3237030121787414,1.0637540859017858,1.5353373458665813
1.0051104163365312,1.3249179405083213,1.0623795733578265,1.5079456127393955
1.0046787508523716,1.3115972437244463,1.0656542578351131,1.5392910136447866
1.0040623741622123,1.301928215293228,1.0654768761978672,1.5211299338398647
1.004391885825296,1.2969611321654613,1.0667741174587915,1.4969265016720048
1.004697735783667,1.304381191778183,1.0669356395658194,1.5239020794628577
1.005109598093194,1.3041791675424257,1.0643909467395505,1.4838371190625852
1.0039512691163923,1.319416169331658,1.0649758771613618,1.5480176372062593
1.003963686929242,1.3087911308898486,1.066397157241363,1.529787678778768
1.0045389564472194,1.3048176547829016,1.0660884340058003,1.5038174803011792
1.0047486853290613,1.3076424720648654,1.0681369241344887,1.5219600382819878
1.0041131558887775,1.3113731829909554,1.0676926081246154,1.5263818966804714
1.004745793605207,1.3177943383040018,1.064611472475504,1.5011464017093732
1.0048943866773055,1.297916353113602,1.0638488554277141,1.524485946143632
1.0045639840227405,1.2991576136247123,1.064112092950556,1.5460231669730407
1.0052944482815864,1.3252672704864779,1.064767649831651,1.5029836075523462
1.0042799614010585,1.3172739895127625,1.0670154569032766,1.5320601370685336
1.0053247770698739,1.318700977407472,1.0660346692583027,1.5175638955189334
1.003990946113284,1.3061729865643366,1.0660736109981939,1.5234601427930445
1.0044180750897542,1.3116188858798383,1.0656462816128545,1.521816000472201
1.0050905089363846,1.295937716494455,1.0651315991334822,1.5358078695393234
1.004089845688186,1.31880014548922,1.065803852862935,1.5070147416077972
1.005163682502179,1.3226787749471411,1.066468596720754,1.5230184305361298
1.004182156342182,1.3051877796553544,1.0691656588935468,1.501530404401334
1.004338467315145,1.326078315845319,1.0643880127823364,1.4921265503126766
1.0039647628375854,1.2941602921466502,1.0683313441797677,1.499268360502607
1.0043869655006656,1.3112165690681328,1.0664933662992215,1.541691727829277
1.0041710592936501,1.3056199756395426,1.0675787331113396,1.5321690347285937
1.004000467019698,1.3073080282367013,1.0678167865945347,1.522537339525917
1.0046469974361898,1.313154463807694,1.0660267111830874,1.5420988097791546
1.0044543574095353,1.3127356047700938,1.062839321364309,1.528933230305578
1.003999597418565,1.3224640774134746,1.064499996527503,1.5098519884719914
1.0047224099767873,1.308066058704942,1.0650135563089882,1.5587076236705821
1.0039776246184058,1.309762409395908,1.0661118787002648,1.5299224141617758
1.004682164815237,1.309253521694741,1.068515557901739,1.5428050656188856
1.0048031790877503,1.2984149520445973,1.067999348039744,1.501957777236379
1.0050433770224554,1.3265771489573759,1.0676690510947382,1.5409899721172664
1.003916402081666,1.313641248620139,1.06406039920977,1.5164726809902134
1.0050884062557557,1.3188514180294768,1.066395112565055,1.4962963083893537
1.0052979165538452,1.3165025648672135,1.0640039528134122,1.5129546993010046
1.0046914545409067,1.2962233520693893,1.0675778157667666,1.4979867747153128
1.004988551456084,1.2962644882845924,1.0646019562937923,1.520852620488755
1.0043836949778726,1.3170100308403876,1.0647718304493112,1.4878238658146006
1.0041405839861017,1.3006793742236242,1.0666175985536963,1.5022507235051568
1.0047777870269574,1.3156920207383562,1.0679603817433436,1.5256234633128696
1.0046910996709872,1.3228085781082564,1.0649285702544613,1.501979319414901
1.004790184408885,1.3135149661218064,1.0647358283543822,1.5323247079310662
1.0039755696074328,1.2987192442437707,1.068267578545128,1.562137694665563
1.0044074582869045,1.3209191109731848,1.0662049447342064,1.5151476190519946
1.005284954035387,1.323160987291892,1.0671423481325821,1.5005676245397408
1.0049245224346735,1.3253663769034894,1.0676382083378244,1.5092982569324658
1.0048634761175073,1.3092658020034567,1.064790802767641,1.4831523107593865
1.0042400479778721,1.3121042639576328,1.064451828230036,1.5111898427830401
1.0041264896971527,1.324143310773831,1.0671683381467045,1.501847649877988
1.0039247233008943,1.3256170551123014,1.064237523105128,1.5243488083060652
1.0045554839324673,1.3052106627873485,1.0659954995109917,1.5363063214434327
1.0046489203854612,1.315243435359001,1.0616149130183852,1.5090385413351035
1.0039464921827217,1.31438309219827,1.067838847353294,1.5504340090547393
1.0040499277836619,1.3156148654986484,1.0676097611317248,1.5224748002882278
1.0048298739702761,1.3169919231940603,1.0695645875854094,1.5157240627630009
1.0045678850583042,1.305033854481674,1.0649160331995478,1.5429651284903199
1.0040866155830899,1.3037478962254252,1.0642693143357964,1.4875614974633957
1.0049010953321482,1.309072604745682,1.065908883746491,1.5102577287836965
1.004426834391192,1.323259303418218,1.0651327450296917,1.4782994340664024
1.0051913292527817,1.3211612313467576,1.066717912881303,1.5209211627715424
1.0045337426258774,1.3124923385669398,1.0623807660621656,1.5293872131924156
1.0048452279539117,1.3111921958809405,1.0643683467040312,1.5007244962553123
1.0050399775172443,1.3129706783869153,1.06692043727887,1.5398870093624863
1.005169514525485,1.326772262469682,1.06693964984641,1.534259948506902
1.0047481988744145,1.2974960977807017,1.0649124343912946,1.5482263397175342
1.005108725442026,1.3235404158865334,1.0676543455992424,1.4933824549477301
1.0046078210686442,1.3132059712489617,1.0659848654067376,1.5386075571524578
1.0051804760035068,1.2990652427773484,1.0648959505419768,1.516897337376388
1.004666715645145,1.3253053334412344,1.0658886298947001,1.520106457209034
1.0052061000599768,1.3167288230210774,1.067177280303475,1.5182418702526157
1.004244922026728,1.2996229198022347,1.066582410402263,1.5678535344603648
1.0046547677900874,1.3266987917740727,1.0665363255619107,1.5009892758562853
1.0041519069708984,1.318446902643981,1.0651548780344027,1.522375930798058
1.0047325634275788,1.3050250973687785,1.0650712392156092,1.5297039646295543
1.0040396639962879,1.321865484267464,1.068465727486618,1.515568076600038
1.0046455387693263,1.295086888485046,1.0685736845252911,1.4818047418850744
1.0052045264435605,1.3170481423011018,1.0669905458921372,1.5229126062868776
1.0040086824603938,1.3251785706741532,1.0664217292041762,1.5164757388207606
1.0052311343472051,1.2956128874360788,1.0658504621568705,1.4971958628669768
1.0040754208496339,1.2974096543043803,1.0663514009123298,1.5457985939723649
1.005302436725299,1.306718669637567,1.069682511228854,1.4947113927764557
1.0048401490964909,1.3056585551314193,1.0641111542431938,1.5152969870677113
1.0040785362249733,1.3020772464373516,1.0680390218353293,1.543201856932871
1.0039599196984264,1.2949336460860579,1.0627618563597638,1.5222775038828402
1.0049187180526584,1.295783792283414,1.0646110695161493,1.4876608119967012
1.0050045311457205,1.3013244833055113,1.0676514272828508,1.5353979196254952
1.0043057051190738,1.3062664715743746,1.067111824062599,1.5107239911729713
1.0047817328943536,1.3016742495017213,1.06676953708841,1.5218893998363927
1.0043812553439098,1.3190151949715085,1.0644284074612345,1.50967404806277
1.004376583502214,1.29744025713724,1.0654807719373085,1.539396089747835
1.004832187609753,1.3091052611594525,1.066556665879141,1.492479133368537
1.0039014849908896,1.2993416889007485,1.0630750852302917,1.5355973922504556
1.0053120503519055,1.2975741679992367,1.0660183464963644,1.5176746670937926
1.004032658153912,1.3261585294538956,1.0679409959617274,1.500086195463164
1.0053956035166145,1.306511127016021,1.0656642518611474,1.5419212846611436
1.0041237762758295,1.311601785217424,1.0675723985373058,1.539519681005881
1.0049632931176613,1.3269798712049794,1.0658779652979433,1.5225233039286195
1.0047822195221712,1.3060510951996953,1.063827852834775,1.4948523505003726
1.0046076872610907,1.3046122753946918,1.063852768541725,1.4820990830010423
1.0041529673227074,1.303358837936984,1.066611160383805,1.5378759749187092
1.005065033014524,1.2988822481390554,1.065205611380166,1.5133511493132046
1.0053546905616262,1.2973251301970052,1.0679576826824744,1.5215723533906358
1.0041749772428044,1.30948140342008,1.0651822018195825,1.5208236004069835
1.0049650014118339,1.3176323210527636,1.0659977605560043,1.4752992900420268
1.0042619401775343,1.296003337091863,1.0645560109205265,1.5244857879883384
1.0047234317990419,1.3125793550828497,1.0632991571638892,1.5137672113210057
1.004791143980427,1.3020802066573927,1.06246607620374,1.5484325395616443
1.0050262545001547,1.3036668849146267,1.0657357975743738,1.5245432559677494
1.0040373397515558,1.3047633671861176,1.0654108624906768,1.4696780960845448
1.0043004004734066,1.3223694499409855,1.0634618207702804,1.5194513329163255
1.0053780468432525,1.317301253218961,1.0700628003295571,1.519350513521651
1.0050470863287126,1.308763674402536,1.0644314829821697,1.5174991116828023
1.0048726722558816,1.319833659116841,1.0633572718567095,1.5110585481626426
1.0045628516106175,1.3020677028020327,1.06588191556539,1.567804454213036
1.0045726873934033,1.2945364846264598,1.0684980453937472,1.5337538437023557
1.004816438017625,1.3140906577037845,1.0654592068883932,1.5347926240997312
1.0043744130657775,1.3007735750653517,1.0647380768057357,1.5411437854048273
1.0039712102461495,1.2967575470608999,1.06565918068553,1.5202647334560335
1.0048614185081879,1.3163086256829495,1.0635409852052808,1.5271425735254265
1.0049667441972914,1.315662807696184,1.0685194117057608,1.5176194298679975
1.0041432699024158,1.3049684454561934,1.0677779663608093,1.5484711894453007
1.0049333455119833,1.3251502551534657,1.0651166164116541,1.5105097413276192
1.0051645873614488,1.2958749833871994,1.0654198684521257,1.5200826576530972
1.0051405120219121,1.3151033163711874,1.062857804514859,1.5354139756418952
1.004430787958985,1.2980849819268656,1.0650671669879852,1.4978239405012392
1.0053733460462104,1.3258241112749032,1.0663081599842978,1.5393881958149642
1.0040149579921764,1.3139364287721633,1.0686569576215834,1.5068702778636256
1.005200508401285,1.3060343835825003,1.0658585688165512,1.5208931656192692
1.0039865390074996,1.2966579832415328,1.0692319648483242,1.535590588415429
1.0047301470548304,1.3170974316145423,1.0666670980232724,1.5237102661316948
1.0050422616217298,1.3244503901622304,1.0645477111946273,1.5273941185127826
1.0040642309885512,1.2971466639550344,1.0685315498503332,1.5413137034944009
1.0039194900230077,1.3032594244775808,1.0652044441721196,1.5274465112012061
1.0051117508645595,1.3163468067348896,1.0668369981491008,1.5173194555838128
1.0040498977134587,1.299420361779391,1.0658968643210476,1.5309333406523298
1.0047444488670023,1.3243322766647994,1.0641645820509995,1.4962322229080347
1.0046088602663608,1.3260548477948217,1.0677261750360907,1.5235423966001007
1.0043631227327545,1.312655446051163,1.0673801828303509,1.4926411544523628
1.0042421191119346,1.300229703629501,1.06617250767245,1.4963881132049301
1.0049648895672139,1.3172359233817013,1.0648526606182833,1.5432699162861294
1.0039504149537795,1.3030959566857512,1.068041765642005,1.5090330892426997
1.0045500608746891,1.3056405807713236,1.0633661498527343,1.54416525650961
1.0046454693406903,1.3098143462253362,1.0665101640877355,1.5081604238454005
1.0039382523459404,1.3137874236839246,1.0638494232395572,1.537395223743299
1.0039959588136125,1.31833619469133,1.0682273194134826,1.5029461377073037
1.005102023397133,1.3139421410253644,1.0677446973599236,1.5237166915503784
1.0043124563107557,1.2948646489781972,1.064705081143041,1.5528860342046737
1.0046811559119389,1.30522458547172,1.0650190756786126,1.5279028563806345
1.004784437279358,1.319537042123527,1.0656450450258128,1.5124561425042187
1.0044344762254855,1.312499782677191,1.0694872437345833,1.5353720753099274
1.0047946487018362,1.3043850971500255,1.065187732709058,1.4994299151811745
1.0039544585141567,1.322220410233979,1.0668844441240732,1.5187815389058412
1.005331402415141,1.3034625487323142,1.0721770243897206,1.5303191695353568
1.005316794498779,1.3084959780397463,1.0656516508755576,1.522764468509486
1.0052903955438395,1.2964677906295026,1.0627874863634093,1.5137369212218343
1.005260796060005,1.3229736990727592,1.064652296623639,1.514774712179175
1.0041009658288436,1.3108687077625238,1.065506352408977,1.5297598274160917
1.0051754255277332,1.322405333933502,1.0630634724802623,1.5153526552124645
1.005217708233094,1.324501562060517,1.0676513419066074,1.5038856366677442
1.0043931783967153,1.3046371795026654,1.0658881091359096,1.4748157224484477
1.0052184533085797,1.3051101366507134,1.0666062037699007,1.5224939455530269
1.003901488696076,1.2951579952754526,1.067250423861159,1.5144155816157663
1.0045767186160168,1.3200554207320216,1.0658530426768194,1.5285224789363885
1.0043655438869319,1.3259032108001871,1.064408642316659,1.4990581655846709
1.0051400723794033,1.3239986836533433,1.0667979638014047,1.5364987577922822
1.0049499715327335,1.3187410685738012,1.0652666271940892,1.553422424571265
1.0040937044975473,1.3209397833950023,1.0637883296356958,1.521310651616601
1.0039009634555498,1.3152808127843694,1.0681286243724943,1.5004311823991714
1.00533861000712,1.3173398174084463,1.0627898880419921,1.54806940769535
1.0047150271261356,1.3192574252390128,1.0654318019892786,1.558500256034717
1.0040628798217324,1.2990664337034727,1.0651573254507087,1.5395718572732993
1.0049576889189988,1.3202456742634157,1.0689235983350946,1.5030779572764534
1.0052288330427164,1.3014331775379238,1.0633699417889246,1.4923767213701846
1.005195523059133,1.312255554840747,1.0629094001089425,1.51393596766579
1.004834037016534,1.3109725379927846,1.0682759135388002,1.5203678843114263
1.0051911000427973,1.3099359584682453,1.0674658171148752,1.5253105729823295
1.004383479577215,1.306771564815598,1.0688816251960085,1.5191640554424897
1.0045025481632537,1.3178417681645265,1.067271686676532,1.496190324906233
1.0051058241104633,1.304826347704511,1.067021415898427,1.4921232969593075
1.0043302533320202,1.2982908248355909,1.0660251570047037,1.5331363705344028
1.0041984350673898,1.3014506884071304,1.0667694466291706,1.4935282339719722
1.0044482549473321,1.2992713694315494,1.0669425009156919,1.4932855898139086
1.0049026653560587,1.3125015437440626,1.0656919333668484,1.5280909038617232
1.0047982875551507,1.307717552501832,1.0645146422905978,1.4963063071267535
1.0043148580204855,1.2949969282919884,1.0671623976239886,1.503473136463422
1.004270601380921,1.3223528897969976,1.0674346969152173,1.4961931302366327
1.0041377950436792,1.3077627451520728,1.065909982719311,1.5078326500819197
1.004260710331143,1.307853748514841,1.0701090901892416,1.5215690026155582
1.004344382103069,1.3054130674161062,1.06490599055831,1.5190081938423612
1.0050067857720406,1.299643114946793,1.0648577281712805,1.4845011391084255
1.0048227033849826,1.3065865375372958,1.0676122004336004,1.4870444571779107
1.0043491172422248,1.2955636797159809,1.0650731107727494,1.4829454427661946
1.0043969151901293,1.3161130747469028,1.064744845517578,1.5023314968782473
1.0051782687925113,1.321468089829345,1.0672616003282922,1.5345374572739285
1.005176555480788,1.3082348668947597,1.0686727589157536,1.524746762075877
1.005304417739207,1.3239277797958324,1.0630453844913654,1.5484619029902325
1.005093692507208,1.3085601116521757,1.0674381860921767,1.5324658213250395
1.0042752565792075,1.322921026774779,1.066804881506687,1.51141054708211
1.0045969038807896,1.3053459269745042,1.0662737466413788,1.5297576668403914
1.0040325853531262,1.3022067825659995,1.0672216820622735,1.506261247566683
1.0053098081338414,1.3257215970526965,1.066535548394985,1.4957456240191482
1.0050370316247255,1.325740489237348,1.0633554272081998,1.5456558571220542
1.0053403390067845,1.2982201186836264,1.064216941090656,1.505179628404422
1.0047434942416267,1.315551972188038,1.0654434924630858,1.5294090071114035
1.004368581718303,1.2998808262638555,1.0668898841250893,1.5291059687683315
1.0047516341752618,1.298539359467276,1.0687739854598177,1.5245692136346465
1.0049287456714358,1.3217511674208597,1.0652504098504199,1.5214198943084989
1.004306111575996,1.3048187872821635,1.0644847765509156,1.485832002140933
1.0043354638850615,1.3085151589195243,1.0685986938611072,1.5143594190442011
1.004878942073712,1.3140682542364415,1.0657103641746897,1.4945628963099824
1.004316546895695,1.3061025222646887,1.0658699086545624,1.5433949236197104
1.0040221637218611,1.309508858006104,1.0668407242516853,1.5309217846166285
1.004286081363542,1.3144637167552622,1.0667502163275084,1.482951541700221
1.004518466090286,1.2940636803598202,1.0695624538551631,1.510142621043512
1.0045954386323501,1.3261565872864753,1.0672401576861315,1.486808063233472
1.004894972919059,1.311023361453542,1.0666022263342014,1.5396583241292352
1.0041884710604136,1.2987305523169148,1.0653902642740132,1.5094629360802565
1.0047205243423096,1.3210562090200502,1.0653993834835274,1.5391761331202192
1.004678052592442,1.3119800511117523,1.0664620199545112,1.5247057941833975
1.0042110299995397,1.3124818967157956,1.0665636170973671,1.5315630983372905
1.0046652494399466,1.295188821925597,1.0697009264676876,1.5217199813001043
1.0040095619121427,1.3001267039553732,1.0645159731502205,1.4929238496090629
1.0052136190245395,1.3037458100105321,1.0667896225422921,1.4957066334538287
1.0053836169025634,1.3252482355379913,1.0693284665029954,1.5263008607223234
1.004417298704688,1.2969818429311468,1.0668034978386396,1.4975364403582407
1.0041954697379785,1.296519939514596,1.0684715657859882,1.504887065671496
1.0045615279358564,1.3131811517541605,1.0631729653526947,1.473205037685852
1.0053943975944089,1.3263275154771015,1.0666420920183297,1.5328463429300099
1.0045797879025737,1.305208861305542,1.0639043195622604,1.49918798290317
1.0041762088257238,1.3103449203407327,1.0655117825629559,1.513672691536771
1.00396450487611,1.3126498877189643,1.0673316661956136,1.5202502751884306
1.00419007803974,1.3043909897831576,1.0675105035519523,1.5270261935197584
1.0052577794850506,1.3108589459259208,1.0689609060678615,1.5223036176630558
1.0044682638354596,1.3211113226770834,1.062059969936057,1.5188909325038418
1.0042622344095473,1.3027475505229742,1.0679764605075004,1.4799437252294834
1.0051422917005566,1.3220386876807202,1.0670339809443223,1.5108976533192267
1.004142326089677,1.3133425195207398,1.0628725897629137,1.5243880533950782
1.0044892867579018,1.3153549200064276,1.0674886671774995,1.5355045837370143
1.004134361859641,1.3088728836476238,1.0637520564751413,1.5287984793337532
1.0047089139733805,1.3143617560352985,1.067203791297213,1.5064242365231564
1.0042289076263846,1.3046658405532618,1.0665466425130739,1.5647766333282884
1.0047395842686666,1.3040926289336148,1.0667232010436871,1.5251291782171708
1.0043824335073288,1.3213154421053805,1.0653580403192326,1.5201037289731805
1.0043769767569248,1.3099571494202145,1.0647123519720552,1.5326942128418002
1.0046781558748246,1.3098160216157761,1.0645508523436242,1.5232332477275912
1.0046639504698374,1.2946721596315844,1.065937290598647,1.4911310640612632
1.0039502253534958,1.3066389320915883,1.067778826913049,1.518015765295479
1.0042749801310429,1.3117484031669346,1.0677316340063596,1.5342692092488899
1.004576387120974,1.3008433048828996,1.0663628627959008,1.5283055938053092
1.003929109225741,1.307337099675238,1.065679414114354,1.5483182854915454
1.0050835799194109,1.3123334294290383,1.0682153546789677,1.5372123504467392
1.0049491355654836,1.309982414426621,1.0651173710122086,1.5350928723434523
1.004021157638811,1.3178813851069648,1.0671006902028097,1.5363542321252583
1.0041625074434348,1.2973779542945634,1.065296641240779,1.5355150460089981
1.0041850913299122,1.2960335919464612,1.0647144328607185,1.5309424461087868
1.0047513254298224,1.3001222982578529,1.0647088067950847,1.5346527913293098
1.0044016943383078,1.2990428377137229,1.0655722887980121,1.500455075377363
1.0053643012965372,1.295080988598702,1.0687657444780816,1.5240331508526896
1.004882960275011,1.3198394235700759,1.0688400558355742,1.4831792766541432
1.0039311802367137,1.3004604628729208,1.0667521391926416,1.5032228778097496
1.0040059760736566,1.2950058700011136,1.063336710479885,1.493441349720131
1.0051254220963843,1.316633620984771,1.0658117578708644,1.530073005750481
1.0051937175504753,1.3009828851879717,1.0668198711699612,1.526732474132547
1.0044330466484803,1.314312050927019,1.0659421165353706,1.5276866791862682
1.0048071230699434,1.2967833815164642,1.0671525783834366,1.4999336521927664
1.004783931555497,1.3115903399579498,1.0643818014656103,1.4802166485740547
1.0040884375683274,1.3122659681045694,1.0682442560396699,1.5131292856234861
1.0051296078104237,1.2941010164605151,1.0687596646595088,1.5441904140488578
1.0047262474975454,1.3144118278046055,1.0636150361464352,1.5062130949556531
1.0052805435419423,1.2973583591529336,1.0674092956644414,1.5007800731615135
1.00393742157806,1.310871917901389,1.0672815702685055,1.5206226970588996
1.0052157630495684,1.311146339899865,1.0670016262670923,1.5074535814816625
1.004937331220661,1.325422623938494,1.0679621455973838,1.4852515614187578
1.0053682129816706,1.3185752087099987,1.0641976021838813,1.5373555104105237
1.004078241313393,1.310897383804294,1.0634575016801753,1.4983458635542637
1.0039393140348232,1.3112259137725093,1.0652434295652717,1.5008308178860947
1.0041313654331425,1.317764634769688,1.0645717378155999,1.5063986169194319
1.0045586463419536,1.2999512892463732,1.066149553578271,1.5290217456740764
1.00430969981891,1.30945514551213,1.0645552792822652,1.5081054531245202
1.003978423016232,1.3185021466048354,1.0666525978868633,1.520757599889792
1.0043574332706238,1.2999502777178409,1.0641046273287218,1.5804756290524478
1.004255290904691,1.2949844595644286,1.0680901293315423,1.5294401913675615
1.0051431063087906,1.30179757335006,1.0671546654835695,1.5029003043818323
1.0040644530186529,1.3091159318734082,1.0658377856869012,1.5103039920099552
1.0048801072180056,1.315794923870281,1.0656007363506448,1.4970419424961998
1.004531367549206,1.3076868893973452,1.0651042671764472,1.559093850308225
1.0053878429780945,1.3017706806232578,1.0668966194115128,1.5164166801357317
1.004704479665834,1.3018485677010991,1.0677513110637067,1.4759461471772928
1.0051966755728932,1.3032466298752299,1.0669496326457262,1.5061597010153558
1.0053941908864579,1.2975379579133848,1.0663647784294479,1.5456188841756084
1.003928277368557,1.3090157180992452,1.0639718616142295,1.494668074605383
1.0050344606717065,1.3046062224447017,1.0649334956346346,1.524895525675973
1.0045468224521887,1.3038518942088206,1.0656703112368406,1.502662952801533
1.005000017272545,1.3124102603904915,1.063156545305925,1.5060864176096664
1.0048809597200754,1.3098888541081204,1.0658936870238604,1.4868925499202563
1.0039444478289645,1.3266587303901676,1.0632046722381097,1.5007505479263783
1.004325637143709,1.2963261536767783,1.0668484962749105,1.5203865484733479
1.0049861608582265,1.2948079535684311,1.0671797004926307,1.5693839207338565
1.0048908755132568,1.318915870457519,1.0681726518337462,1.5076604099249045
1.0044462920642587,1.3220060666758617,1.066595866353937,1.5049956185951574
1.0050859022335834,1.3220453320921444,1.0675163284344564,1.5277861078220882
1.0052253271093772,1.301769916561458,1.069387532481525,1.498991601133029
1.0041727231793858,1.3049383081053898,1.0666469301019013,1.4925389868086272
1.004382743754545,1.3222862336498087,1.0633846662032302,1.5359388738005644
1.0046005275361198,1.3046632308028006,1.0654752437385797,1.5166131498595727
1.00530791600616,1.3150735094789079,1.0654221882382948,1.4852236907495815
1.0045707984473853,1.304756798891718,1.0655276393955349,1.5237742192682244
1.0042313917933194,1.3006219986386263,1.0659845474377887,1.5273267393786811
1.0042226137122345,1.30423008025316,1.06229440436987,1.5006641295766794
1.0052231274986434,1.2975430730396555,1.0679899111951334,1.506449199741862
1.0047688812938418,1.3074810501144831,1.0675829978641698,1.494860326492613
1.0048901764508231,1.2986953382923676,1.0598539394583575,1.5235778342341035
1.005395364136915,1.3054797318367952,1.0666227462582434,1.5287534660038622
1.0049905236119026,1.3221993866453925,1.0652938073371645,1.5360235674456346
1.0053662589761934,1.3086640833670617,1.0625867253873316,1.5108318345089369
1.0044196101189617,1.320188065729923,1.067514236737349,1.5373740535046336
1.0047855538107762,1.3107181676120752,1.0658918496479242,1.5311479311438725
1.0044049105503483,1.3205411354816599,1.0661951865217036,1.5598197375977727
1.0042550138522306,1.3240069434161288,1.071462577418319,1.5318176414698328
1.0042384569784455,1.3197115710063392,1.0649204233939742,1.5357416888419642
1.004066206592549,1.3004902032675139,1.0666264730547494,1.4960119634835194
1.0053841598600497,1.2961521171066848,1.0677618469263985,1.5196203480063828
1.004308732888176,1.3157409533049749,1.0641107441336168,1.539837886794012
1.0045698717252642,1.2941999178652983,1.0647579764903854,1.501101323287598
1.0053964728911824,1.3242379671191944,1.068608660265321,1.535904860241475
1.0046366227397419,1.2945552559953433,1.0665509452219357,1.5464182000533975
1.0051639738610059,1.3190140582494003,1.0647535416331078,1.5075721101290576
1.0045129011514409,1.3136251881732808,1.0682143185708866,1.5258615330653384
1.0045420422723725,1.2945252380003105,1.0681582475586484,1.5201597861781588
1.0048973555185623,1.317233065012934,1.066844373322875,1.5130282606809002
1.004790419786977,1.3038792213306918,1.064832953242418,1.5527285042468333
1.0040844561589481,1.299148275478308,1.0658983067657815,1.5128677704688138
1.004106849373618,1.3156452102451381,1.0656878729983563,1.5141645256169385
1.004030118652432,1.3253359014315707,1.0676265153574394,1.5190449076302293
1.0043071591263466,1.3195813135553378,1.0675064241296557,1.4953947970480286
1.0045501296332628,1.3020697069998097,1.0695698962457603,1.507822981837093
1.004481250803308,1.3059944380510906,1.0666022494857041,1.5521272230126144
1.0040635814597236,1.3169362667977274,1.0664000106164366,1.4669955290540364
1.0046213621682722,1.301289001550035,1.0658571091939049,1.5206313133457983
1.0052175743157805,1.317435509036457,1.063361939632663,1.5202382203249727
1.0045984127650105,1.3067839666822236,1.0682825319390208,1.5023856415857713
1.0044845067789743,1.29931126497819,1.0670853526931208,1.5197133199097619
1.0049749980556968,1.3034608368400835,1.0658683933578557,1.5213436221930796
1.004445695473247,1.3179038831298124,1.0657054233729308,1.5316124523889396
1.0046972570977641,1.320422170058661,1.0646991590946537,1.510947621206921
1.0042568648299965,1.3263611290797053,1.064376799897616,1.4877103749181921
1.0041381228702921,1.2992493679093076,1.063994442887442,1.4892783008191055
1.00394673371624,1.314500694881051,1.066049099664808,1.513573149399255
1.004597652892696,1.3008732398163816,1.0647125051494675,1.5094192300486473
1.0043608017004484,1.3049825772800459,1.0661730215815746,1.5020111952086184
1.0049556547116492,1.305726875721748,1.06360197921497,1.499177537281024
1.0042272237768415,1.3158766141185003,1.0665440022137664,1.5074336002922317
1.004952822580622,1.3072936982197811,1.0683586756194385,1.5311874013461473
1.0046598171674845,1.3100614278267353,1.0685103168334096,1.5261635017745017
1.0048525118737912,1.3141035565626262,1.068481193092386,1.5357012183649998
1.0039696360671664,1.3113182399610028,1.0638233844138907,1.5439363341819226
1.0042611144302864,1.2989745574871112,1.0676558765348945,1.5237428397354043
1.0041386766206357,1.3263480726341061,1.0681132196980834,1.5336725745895945
1.0047239048524026,1.3121379157528772,1.0626578818303232,1.5339934655070573
1.0052828819811614,1.310927496866873,1.0697787590920347,1.547701192540973
1.0045791263114063,1.3106892116770836,1.0623560835408639,1.542462042205218
1.004161693215641,1.3131845931491515,1.067253152779582,1.5250910825102546
1.0053060404823682,1.3035855210361535,1.0666791852465105,1.5164379306636073
1.0049340706805052,1.3152342537270691,1.0671233236156055,1.5425352961652208
1.0051382032498986,1.3088678135818848,1.0668389945446195,1.527799198883955
1.005030052920926,1.324889568171049,1.064645404115866,1.5285749557490709
1.0048339445111212,1.3041255167158037,1.0654010282184168,1.506066801749891
1.0052750426171282,1.32622713967407,1.0666040823102008,1.5356186315621838
1.0039598284040698,1.301503901205554,1.0649791183021855,1.496188553277734
1.0051524166189796,1.323564816093204,1.0607516664449972,1.51758462846652
1.0042259977032375,1.29607118817171,1.0658945572479919,1.5402779366820551
1.0053092875599696,1.2981465591256374,1.064351401583565,1.527521470633916
1.0049746497636338,1.3146475320785924,1.0680390141204028,1.528384012165812
1.0046563154525183,1.3114343750537525,1.0652203889771585,1.52145736475657
1.003933980981562,1.3115056790674688,1.0667162072253185,1.4776179211956533
1.0052205323230192,1.3261492874835654,1.0654453235824126,1.544776997693469
1.0041553454508891,1.309152842208003,1.064722847619246,1.5219942075264818
1.0045767826683003,1.302088309317056,1.0700607459815183,1.5260933899824365
1.004339270258882,1.2980482244971956,1.0706236622512857,1.501058743458121
1.0041064521776986,1.2941468178186926,1.0643669127476065,1.5378005431548638
1.0049687219256398,1.3146884265182548,1.0675907108275862,1.5529298615096767
1.0043589144946459,1.3026228406337974,1.0631547427025005,1.513438607531488
1.0046189570240767,1.296050593076418,1.0661627756728502,1.501268043647795
1.0045399524963317,1.3004020014682671,1.0669227002239714,1.5083736303606958
1.0043918213811698,1.322705271585482,1.0662253824008312,1.5517052242837057
1.0044728131182532,1.3189634750449328,1.0687086009310114,1.5332295678929095
1.0053792419859335,1.3064864084885772,1.0630395746777503,1.5523256350712746
1.0043981517817615,1.3087958059918392,1.0704635722909848,1.5345279302639792
1.0042934367410783,1.297054444978365,1.0687870390192202,1.4851840713730746
1.0053980432387806,1.3037201286750697,1.0638455442510506,1.5245793987132878
1.0044940884171756,1.2953210316723758,1.0666552011685424,1.5314040180782418
1.0039617298000787,1.2987939914230793,1.066504691662683,1.510433344770012
1.0050138535926336,1.3021429525961479,1.0652121962543115,1.4932816538121714
1.0043156954685122,1.3052095629404938,1.0644345321768054,1.5439299695637259
1.0050231062793236,1.3159838955197958,1.0680215627680116,1.5277432355823273
1.0052924606996458,1.313656034794338,1.0649168482764115,1.560896464969533
1.0052502788426574,1.3231884388874484,1.0676977330720703,1.5060247316237036
1.0053955395424587,1.2949972337237945,1.0681090673930842,1.5264975524881366
1.0051435573836276,1.301230850244793,1.063488679587409,1.5297432363565133
1.0041861414287,1.3090325199042672,1.0670631719714856,1.5003069483001525
1.0045174664753316,1.3043019423960243,1.0682166951557601,1.507613653507536
1.0041198084588405,1.3122407844543915,1.0699506862356911,1.4894828603453465
1.005062053889517,1.304929580424605,1.0644688241734235,1.5385450101469178
1.0044301104646798,1.3066982229548583,1.0689236817187873,1.5051934126832258
1.0051260843061247,1.324618661196746,1.0683831016253003,1.5502428711624385
1.00403777202412,1.3213895594165013,1.0639327286689622,1.5298386040271261
1.005008139129822,1.325697505308855,1.0665067958344425,1.533893770447944
1.0047616932903087,1.3186676942962103,1.0643714248938534,1.5305311450098715
1.003995300022443,1.316615402999835,1.0638796922048035,1.535914421617611
1.0041120901421168,1.31110656136014,1.0619635118284008,1.5183920321218825
1.0040924371365656,1.3009166827947836,1.0665923391692576,1.5398287218663502
1.005225755854148,1.3241152240740108,1.06573234028449,1.509967428872562
1.0042557142947868,1.3046728355127066,1.069629350697858,1.5201064601325422
1.004156807413365,1.3107252898851791,1.06779472291804,1.5197377713800666
1.0040517148199914,1.311727176092792,1.0667587178393343,1.550550641295145
1.0041183740381534,1.312816370277065,1.0631547987024341,1.4876226941343962
1.0041972685462344,1.3255007389468028,1.068351370806462,1.4847382881153215
1.0050282476002967,1.3038298698072226,1.068311502074997,1.4882949075478447
1.004799837138516,1.3121711682070403,1.0678544529713776,1.547218031749541
1.0039965234732624,1.3055575964867403,1.0636009823448846,1.516432971309782
1.004123907151362,1.3246714350803641,1.0705749000013063,1.4898503760044246
1.0041342478353075,1.3004053558475097,1.0658476021225605,1.526463951937174
1.0040922434059687,1.326413617375666,1.0645845224410402,1.4879545054529801
1.0049754378938418,1.3176515292698485,1.0639407948102304,1.5054921148474352
1.0050866996850394,1.3132922360031227,1.0656777529650874,1.4987370257968915
1.0046124961760716,1.3115446621394733,1.0678491507131904,1.5140571052553973
1.0047969257696796,1.3081620090660124,1.0672708186020365,1.537733801508122
1.0042402622269484,1.3085349273921367,1.0675917439760445,1.5581758071691394
1.004821845911943,1.2943431373498346,1.0649108585362101,1.535675195347956
1.0041696575616923,1.3078842177484453,1.061549273625804,1.4981868005126142
1.0047440545795654,1.3069178058983657,1.06685142918917,1.5280473069683964
1.0041740915223072,1.3231515790090203,1.0688510827447422,1.536241924253692
1.0050991986736404,1.298397617766224,1.063180093019971,1.5291040544927428
1.004944061442136,1.3024856872256594,1.0663328976878965,1.5271428384885775
1.0047237108653284,1.311024383214663,1.0667419764498791,1.5320470567778504
1.0044595221506167,1.2997191890765654,1.0639897872223094,1.5343724325078212
1.0052380592740506,1.3120061488424692,1.0669874454289205,1.508416100309502
1.0051811331199483,1.2957726070497926,1.067018235138102,1.5468223122336258
1.005255793293964,1.321697017878236,1.0672423951189058,1.5424959193034247
1.0040562145190455,1.3005438343959985,1.0669807371988038,1.5500423029598922
1.0040028401740972,1.3233309439393188,1.0640149343850056,1.5213154335037533
1.0043132662591823,1.3232512138333614,1.0645675617697776,1.5257767670331874
1.0052710908704898,1.3065648481649228,1.0634777525373058,1.5156765555335607
1.0041747105187746,1.3254812800148137,1.0689017133594865,1.535419631783863
1.004028863357425,1.3141131332739542,1.0663795131223253,1.533251963008505
1.0050169689463024,1.3247501913985074,1.0624466224644755,1.533480464046324
1.0051019759893238,1.3229028715831694,1.0613000575695108,1.5289227565447958
1.0049858909193297,1.2968915560764158,1.0694995078388927,1.5425916170845493
1.0052188387852203,1.3208839867806657,1.0631394934335152,1.5355425691855107
1.005057883203902,1.3146403149295065,1.0663374951904565,1.5275775382404035
1.0050404129270296,1.312623659129321,1.0656276578746717,1.5070648216704086
1.0046706406764276,1.2964648729610941,1.0649837580151686,1.4870839765582198
1.004426100927615,1.3075316669387673,1.0642497807156106,1.5001263016031468
1.004930086299337,1.3021896719811574,1.0652965616769567,1.514619483375467
1.0047242016240099,1.2971809850865115,1.0623060076456188,1.514428084543876
1.0043061035242442,1.3127244169633434,1.06686143851294,1.5233347033926672
1.0053922921054579,1.3224988023051871,1.0655172610905974,1.5198417801975055
1.0047316748229949,1.3023308915369876,1.0723597289776472,1.5230269386731348
1.0051393943726914,1.317612951904877,1.0660646309423751,1.5474148901494995
1.0041484257708106,1.3097670999250066,1.0682690648973945,1.5353139105178422
1.0050778092039148,1.3256738564869168,1.062997881132757,1.5052798419962046
1.0053497143610326,1.3134209546286126,1.066477152220101,1.5030433690455633
1.004693764328857,1.2960172702778832,1.0698547395104605,1.5130513765902762
1.0048531439091868,1.3145764488942235,1.0671702789149222,1.5189130386973186
1.0042962109953721,1.313621345236993,1.0648016045299342,1.5144336488057668
1.0050202864347046,1.3039773227006954,1.0641758429796204,1.5054403902927178
1.0053886880646625,1.30217672067651,1.0667840607961152,1.5654531798178666
1.0051540393053666,1.316860469508807,1.0682356688010994,1.5137818665585485
1.0049011434633768,1.306156245725586,1.066932985633499,1.5314479021605871
1.0048615965446728,1.3120197241204894,1.0666833817719164,1.512346794782716
1.0043656024885452,1.316914639453867,1.071056712950418,1.5121760499335868
1.0039702074127232,1.311669702194943,1.0620426686662214,1.538527534956665
1.0048988720509038,1.3105286680743833,1.066959465031045,1.5487815016697244
1.0044670226610046,1.3253511372857365,1.0681460185719234,1.5329713167593206
1.0044644211165228,1.313162363060805,1.0686304732574887,1.543983409373544
1.0046480017501433,1.3156273238515388,1.0686494739312546,1.5292148402023693
1.004839153467714,1.2979758995365909,1.0682211254805856,1.5099574974211905
1.005239925979561,1.298386559682241,1.0658802912046084,1.535650363613448
1.0041607399737018,1.3061645171244058,1.0694118805574175,1.5599657796668267
1.0042301523591182,1.308053596419789,1.0669090637437377,1.5210279570863419
1.0042992427275461,1.3105703820249428,1.064269244679187,1.534332621329463
1.0041012532079603,1.3128259384985452,1.0666279303049986,1.5211652877450297
1.0043986227008617,1.3227108540682855,1.0635912661029319,1.4948105759124788
1.0039192693728338,1.3000386348063866,1.0646158276867432,1.5151175445649476
1.0041878414081882,1.2950909536179889,1.067222122400148,1.4832069002039507
1.0044229396350393,1.3180649523018246,1.0642228307504862,1.5409780743034316
1.0047063061522745,1.3150654447881391,1.0662595646449238,1.5017662744734352
1.0053501147857693,1.3263325378568414,1.0658653146943817,1.5581527194088405
1.0053280753314502,1.3075823321534386,1.066352585242193,1.516002408258034
1.0044465766088455,1.3166676424321182,1.0631958080079145,1.5049924938334704
1.004331244433195,1.3151592643973398,1.065037119954219,1.5236191991484227
1.0041747709054505,1.3086861647624406,1.0630602849677857,1.5244778541413613
1.005059950012014,1.3047698144221551,1.0672134663548236,1.4602835493178015
1.0045337756043686,1.297202001897601,1.0674091528341152,1.535266776950632
1.0044116530591347,1.3128277544846074,1.065669601681739,1.518083310007143
1.0045371365402809,1.3069427717324686,1.0647124887723354,1.5370934617298262
1.0045461953871162,1.295211502190155,1.0647283948869048,1.5139414841218872
1.0042938088234736,1.314554863676279,1.0633105105073672,1.5355313110342315
1.0045233912964027,1.3200112283859908,1.0651980030423953,1.4960589128915354
1.0049160319436727,1.3070603047268905,1.0682023850667584,1.5095853641720343
1.004133099499348,1.3116018040275532,1.0674385504738406,1.4969396923613474
1.0041189035301725,1.3108217227195131,1.0608145669691955,1.5611095371723724
1.0046349033999347,1.3210104638279367,1.0637974863583777,1.4985399969180329
1.0047488723676987,1.3151223980965716,1.0634213296051962,1.5132992195452937
1.0053452820460889,1.3143364906228823,1.0659118297257844,1.5135080620820598
1.0052796661230434,1.315479235568681,1.0708919572228761,1.5461002097769285
1.0049566435503252,1.308958440473949,1.0689041762640787,1.4937274378199168
1.004231936934521,1.3135927173312154,1.0654712686129733,1.5142737318642638
1.0050546309316963,1.3028579001927225,1.0663400910571212,1.537837951510142
1.004401758639911,1.3233957164537309,1.0688954259665482,1.553493693334828
1.0051067415324213,1.31526432642989,1.064644981766239,1.4787894210575139
1.00493964666827,1.322004311377591,1.0701875577016455,1.4867826624839584
1.0049377892109586,1.3106924261863653,1.0650451627571846,1.552284921887498
1.0051978605251073,1.2976267828843968,1.0623058208281595,1.5137314833463282
1.0046638139346156,1.3094931545460955,1.0638300773930869,1.5207288745165262
1.0052095463708255,1.3238845574250113,1.066131949006212,1.554287606407132
1.0046422728423854,1.3167306829589438,1.0655582335868983,1.5108854997831898
1.004661948765175,1.3095778590868123,1.0643372686024055,1.5229033356079402
1.0045488676449372,1.3007870128698982,1.064757246783905,1.5074899069620848
1.004344131877982,1.3228989498049926,1.0646767512150723,1.5380812989860053
1.004159990194444,1.3229544583138075,1.0654041833714294,1.5193995310438306
1.0043782947242441,1.2984005237709564,1.0696165981889876,1.5168692284456982
1.0041416305171362,1.3008535143084323,1.065933747881276,1.510307116207686
1.0048736455176452,1.300990537228131,1.066482279384,1.5146474587020784
1.004574661662696,1.3006954292285986,1.0660246909148523,1.4977122069389857
1.004020220814806,1.2947431217858432,1.0637060745434672,1.5285760643566781
1.0040636349455163,1.324249778686459,1.0722037716074897,1.5175464755777055
1.0046423437215903,1.3240592183021547,1.0711438602904835,1.5324488209351894
1.0049255690694354,1.3191006986596667,1.0642844399960163,1.5090710388490403
1.00460805841908,1.3178853922647553,1.0662239184828888,1.5396046753744532
1.0047339564865603,1.3222252850398553,1.0701950212280893,1.484763660781276
1.0040725414036455,1.2954992149076991,1.0665927188764563,1.5310052614188028
1.005202749238789,1.318252544429664,1.063256448884418,1.514948519240176
1.0042915091632039,1.3159382380895783,1.0680306636487638,1.5247916728829105
1.004461136069888,1.3133506966279165,1.0667586783325684,1.4927550104026508
1.0053141861461916,1.2955393478405342,1.0640292439918604,1.543766998412107
1.0041242571286175,1.309491689193166,1.0701407972178214,1.5084076006464755
1.0039666862146546,1.301246301682389,1.0681512708025578,1.5569287970182288
1.005388574764141,1.317253071124695,1.0641157623562985,1.5522180187282875
1.0050142998764733,1.3234461055316513,1.0624518066054314,1.5336990911331
1.0047392640662094,1.317813510655989,1.0670237918240986,1.5614890278961893
1.004471476875853,1.3221838319223398,1.066770631902947,1.519799662097674
1.0053164646092787,1.3084598835948231,1.068167461561215,1.5008521454785122
1.0046987201191828,1.3152911367019773,1.063740409203408,1.5070328317275015
1.0051311036796375,1.313858043602963,1.068720679478093,1.517150351512268
1.0051957728427778,1.3109520544095077,1.0659020270238782,1.549720777870303
1.004040019368521,1.307003524484505,1.0655944612886725,1.5507693062805705
1.0051989911575367,1.3012967786224614,1.0672173648258276,1.523353029294534
1.0053779438848545,1.2981376963893085,1.0650928968453888,1.54926347000417
1.0039043069666422,1.3081211527761683,1.0662580846571745,1.5253084809127921
1.0049158819655175,1.295995297939537,1.0661559227949202,1.495285080428681
1.0050908240293828,1.3067391066094367,1.066327444510116,1.4999262119273378
1.0040079936492077,1.294848224461984,1.065569146893029,1.506765528036237
1.0046813799002758,1.3064382658990332,1.0644640891325197,1.504617395645123
1.0041036787384399,1.3220363134798219,1.0659185072843658,1.5373595986869653
1.00445126251758,1.3045824485959232,1.0663261404158655,1.5394748058686267
1.0039540940641596,1.3090921649940597,1.066826946586211,1.5172457711843887
1.005313198410892,1.3232371787320587,1.0681305587433985,1.5350560364588355
1.0045843767170919,1.3032215190997427,1.0685421437417204,1.473084235149932
1.0053688453213825,1.298039039470714,1.0636571096279475,1.4971756950887836
1.0041320858485134,1.3222595076159138,1.0651330893404443,1.519208345700551
1.004837822184476,1.3088320862969618,1.0654833592854578,1.5174784892726019
1.0039518574949773,1.3030793149257693,1.065985127306709,1.4851936086933115
1.0040474268552133,1.3262412101445278,1.0652572267176252,1.4951508302508518
1.0039909224625112,1.294279230129948,1.0671712112836196,1.4848037947292703
1.0039252392055187,1.3029424548867192,1.0657165638089123,1.5126848656190495
1.0045204904060405,1.302030723379369,1.0675726473365832,1.5442911371190788
1.0051481026111722,1.3097023919585322,1.0677667032755176,1.5138864427739698
1.0046745841352922,1.3067106769542287,1.0672472841992233,1.5074312479763574
1.0048254598740654,1.2960079467989685,1.066163060558463,1.5193521744643712
1.0044622046812262,1.3047922438443615,1.0667849978740034,1.5058495340799212
1.004733568199112,1.29921735903514,1.0652838914415788,1.510924845304745
1.0046894361775005,1.325351754137291,1.067403130943881,1.5310545700179952
1.0046527072226141,1.3003445844261743,1.066192114278235,1.5006908664417626
1.0046348316879898,1.2951022812810913,1.068749815422936,1.5119385227798772
1.0046408816592363,1.3144072804509728,1.0658049935421665,1.5056210593626087
1.0053750697767647,1.3235612183959273,1.0670295684739248,1.4963255734446943
1.0045263103538928,1.3006600102875805,1.0695455798461821,1.5315986768345857
1.0044053902715533,1.3017012660576168,1.063827358884237,1.5498660312425152
1.0043871349656328,1.3114388465185869,1.0638255293568233,1.5142133002349403
1.004750886723741,1.308450818220047,1.0692308605463572,1.499669787561866
1.0040630755595294,1.2960754109965444,1.0651902873353163,1.523685104448091
1.0042964908364125,1.3140842533785018,1.0659072925948385,1.5503205024909905
1.004085850518675,1.3245673495953618,1.0655728250842336,1.556626006411548
1.0043757545419874,1.3097625155943393,1.0673522747695539,1.5557025560393178
1.004804176850653,1.3159979573182994,1.0689604597379427,1.5305014408172413
1.0050865016292425,1.307864108598641,1.0657120557815578,1.5040333044252234
1.0053621390003185,1.3019687768121075,1.0690932228215273,1.5376756992252392
1.0047452042440939,1.2962390098358318,1.0659046446367724,1.555368506570277
1.0050608432876318,1.317876651168586,1.0681646861088705,1.5045974383471863
1.004847938464891,1.3176585760158812,1.0690718140984854,1.5126813654590572
1.0041635604890533,1.3130208416254598,1.0652491996720497,1.5271138676422742
1.0050604189345624,1.305931807684807,1.0690402122448337,1.5104558674211026
1.0050790544764687,1.3172703600961468,1.064482030272014,1.5355586844005509
1.004796619127432,1.2957999360154984,1.0660883756699193,1.5091969289185505
1.0050953376082612,1.321664287819538,1.0681182373204163,1.5254618821126311
1.0047979952086865,1.3114429561887517,1.0664113132811899,1.5384082899668123
1.0040104178407245,1.326225919443951,1.0657929827031407,1.5554836444700755
1.0039404036481132,1.3122613212669147,1.0606760693256854,1.4587426375365138
1.0048181716538729,1.3236898608059764,1.0660228490307226,1.499859235514298
1.004054041585226,1.318371543097684,1.066152613621698,1.5142167120317878
1.0053435178026262,1.3066033231693053,1.068317601721268,1.5159772764431676
1.0045440563135504,1.2981271127616785,1.0662424483673787,1.4858780611956448
1.0039185042466738,1.3030203290151667,1.0639389689952248,1.5192730775266619
1.0049617020978878,1.3159562768293667,1.0642996007327883,1.5218453120028637
1.0040733682095304,1.3255443339472137,1.066932450245303,1.5032739716008816
1.0050185286881526,1.3029616572279545,1.0648141919713414,1.5337009792730103
1.0049142257884998,1.302695146667111,1.0633915354688135,1.5480791210710003
1.0047578534904502,1.2960559584193625,1.0655400016079446,1.5048594086829907
1.005336879749153,1.3132849507638242,1.0651244090032563,1.5054836661053355
1.0042448312268195,1.3155112165563472,1.0667196513325738,1.5227251661250698
1.004375691511835,1.3091418581531495,1.0697017072685826,1.5390233034155785
1.0043641149060425,1.316333552093539,1.0656177875804402,1.472896602296434
1.005048202576645,1.2971310788961652,1.0635165243756972,1.567947531791954
1.0047377217601088,1.3182452151336863,1.06226587963821,1.531209155499176
1.0041896248111912,1.299460168001039,1.0635559912260806,1.4982429592506614
1.0049768989683154,1.3004943731987666,1.0666734143835126,1.5144529347613795
1.0044375951014588,1.2941891197235331,1.0669412991722083,1.490785493880561
1.0049349100444183,1.3057753131977132,1.0628405626056112,1.5133222237697708
1.004689946399868,1.3029384828707467,1.064676842231153,1.5495567260001655
1.0049571954074275,1.3168542669948309,1.0675346773954413,1.5208370895156496
1.0039607905511445,1.2997304815246251,1.0693606142119567,1.5215694015635401
1.0040023946583279,1.3167992642822324,1.063414129891997,1.522544828979465
1.0041034394670487,1.3157564334268386,1.0674522581122312,1.5254776787651936
1.0042330961290382,1.300493404175474,1.0623884997484636,1.572222053567757
1.0051697430193802,1.3127783786462284,1.0654936189092112,1.551580062231798
1.0041954320044983,1.3199629437811558,1.0679223144274357,1.512681915097251
1.003973289860137,1.3087939947020324,1.066673088448552,1.5445490259361732
1.0039336081977734,1.3125601773951154,1.0647295319377554,1.5367570669773627
1.0052775415156008,1.2946944480550915,1.0684794138141382,1.4938215104629302
1.0050096624424016,1.317715728115589,1.0680630475499875,1.5162724587208645
1.004075077841014,1.3129509585073462,1.06798053299541,1.543335663243805
1.0053758419956642,1.3166728012473699,1.063181261224883,1.532145844499729
1.0046156908418729,1.3115336089328036,1.064397041198514,1.5045831074708438
1.0043200611881302,1.3072827351545158,1.071015449571014,1.5045854969700359
1.004390529568517,1.2955669085666817,1.0678181230156103,1.5157807544125863
1.0045431368548836,1.3031341605511633,1.0672227088405164,1.5441843078536892
1.005252597126946,1.3151985648066158,1.0634975224288101,1.5181985560838278
1.0039816606410916,1.3043645382718758,1.0663343065751698,1.4926557421739601
1.0041364698473683,1.3254472349628188,1.0687720886407721,1.5288878680715534
1.0048838531794957,1.3098091240313126,1.066504528528007,1.5240844185124327
1.0050752960374003,1.3241564259532594,1.0638558964552527,1.5403132456677133
1.0041188398296688,1.2966142451854124,1.0676659024152455,1.5369347248838212
1.0039940568811048,1.297929022483616,1.0675296085434531,1.5061339154559916
1.003921319544362,1.3011309877651274,1.0630417348917165,1.4887239299958865
1.0042821571490341,1.3046030799452084,1.0656341784196246,1.504257647295858
1.0042172067006307,1.319244576900441,1.06812506703262,1.4975475362282338
1.0052164521952096,1.3092288753663506,1.065420670900349,1.5419753524472595
1.0041800888530292,1.3267575092184847,1.0668538992215784,1.5381291624162472
1.004101308440058,1.2943188807740882,1.0653879797538064,1.5534871848037364
1.0051284142727965,1.3175601618476616,1.0651594842045995,1.531101394401427
1.0043712499178614,1.3078068553038955,1.0673443099564015,1.4907804678528973
1.004879687001331,1.309909653768396,1.0683051651578028,1.5010464599431526
1.0041702912605635,1.3197830490702351,1.0690797029730605,1.5078762610473173
1.004682070309662,1.309844701471348,1.0665405898934157,1.5155015942498802
1.0043403869644896,1.3200836451714655,1.0657628248223503,1.5191048471752842
1.005248418190499,1.3185446140477814,1.0692583960296178,1.520377236934499
1.0041823380578445,1.308645088924818,1.0654451928304878,1.46880166867395
1.0048047800396092,1.3119908952077726,1.065094262629242,1.4992549810746876
1.0044439969867855,1.294649913668755,1.0686720971945174,1.5539338347446492
1.0050707700093644,1.3194524987514085,1.0661047326463804,1.5311247826994656
1.0044004525556895,1.3257305970038575,1.065790285224434,1.4775272508191415
1.0048726091926725,1.3262121837123655,1.0673429697900185,1.508725496982044
1.0052263150623475,1.3161522541536868,1.06692573364451,1.5469863609690135
1.0051813610877907,1.3234814019241639,1.0645482719150137,1.49870925950488
1.0039549524127054,1.314918055497997,1.0651323327181834,1.541811471747477
1.0039130720459901,1.326379064482297,1.0657837583235663,1.5050973836553863
1.0050859741940514,1.312297170099692,1.0660355019444143,1.5236829394582314
1.0052585923459463,1.321099329670295,1.0648348997133037,1.4646225355707128
1.0047999982128395,1.3269390490202189,1.063356857575601,1.5154376963656873
1.003997776686938,1.3046471112333475,1.0664007990009607,1.5241338014499204
1.0051133987313863,1.3036947496282474,1.0687023686569181,1.548889505987462
1.004107092593428,1.3077720893257223,1.0683471246875114,1.5027688223824438
1.0049529443325604,1.32326872858684,1.0684948526736475,1.54267204716012
1.0044594087071324,1.2950204265636702,1.066676961227378,1.5493914139152303
1.0044775005680078,1.3044653234566277,1.064401712333943,1.5224032186675809
1.0050900974807337,1.3196213472939096,1.0667528091429745,1.5073521648630128
1.0041180254575126,1.3088788180123077,1.0648521196726013,1.5392205535323982
1.0053030230429953,1.3072518414755088,1.0679247114226689,1.5157948449645315
1.0053953793583144,1.316103403140972,1.069017369815608,1.5145887759697345
1.0044610690920137,1.306164564077605,1.0658907702383,1.524609792868597
1.005145377863526,1.2976757085262833,1.0635727944437219,1.5260195854887633
1.0046642120276938,1.2999714363306827,1.0629941178255056,1.4672344384741778
1.0042536567594609,1.3030317277256334,1.0668417580393448,1.5318927245000815
1.0051952266649462,1.2958737741234874,1.0669061222117886,1.5823340848264784
1.0041280538615418,1.3156128657857977,1.064825951217866,1.492134349892892
1.0045605327889562,1.2970316171672638,1.0673699961455336,1.5226786948751732
1.0047741728533164,1.3118678486983113,1.0667826272008547,1.5282781682147812
1.0051730990859875,1.3080080633269229,1.066532445969269,1.545318871682972
1.005313101600507,1.3024054375588199,1.0656146247478264,1.5179552854407572
1.0049371263895446,1.2957230935177173,1.0624267623597408,1.5423326531232322
1.0052104596196538,1.3006513456131543,1.0682922132781036,1.5223684064287304
1.0053477015974202,1.3168735551435962,1.0678505991279392,1.525083813531153
1.0045186448344274,1.3149497272275381,1.0636686773201887,1.556956194228992
1.0051062570016045,1.3056874309738802,1.064642644676208,1.546535492009096
1.0039459159143405,1.2983871224080434,1.066658635463891,1.5033622610067237
1.0048889915166463,1.3261026657677788,1.062311006012378,1.5123698796059257
1.0042102785425524,1.3200790838134497,1.066479317393118,1.5129186238126109
1.0049397656791885,1.3139194851717912,1.068748942431981,1.5171972974314398
1.0043032408283328,1.2963055260571688,1.064901025644878,1.4978391890710765
1.0049547781223584,1.3120509782662757,1.0642605652753503,1.5091521698106343
1.0042633426164598,1.3217724236928512,1.068467684921731,1.5407215590114958
1.0041764049980002,1.3134293010874671,1.0645002099372394,1.5142580638360887
1.0040855529729351,1.315391238051747,1.0670066347281084,1.5251309644370834
1.004962720178069,1.295973439905994,1.067897790962167,1.5078330279993508
1.0052661619595225,1.297403582140099,1.0653961735711661,1.5218217993357006
1.004357597224692,1.3058460962548422,1.0680628261258815,1.5495606358865393
1.0051433183378145,1.31079780745241,1.0632078016073863,1.493866748690875
1.0053705731523397,1.3231999705447246,1.0689792761815813,1.5329809225791138
1.0047638789144842,1.3219029732042822,1.064045278760614,1.5415687215281737
1.0047359490193217,1.296310117495208,1.0668794147768292,1.4706293975085674
1.0048342764241458,1.299533810077492,1.0663724317247163,1.479361336199126
1.0052564892760878,1.3156245573037249,1.062127621279481,1.5226682616314164
1.004284527013786,1.2974585946960915,1.0631110413176943,1.5249104716199007
1.0051211967411484,1.31083947988282,1.0637823172374254,1.5710326654658024
1.0039211631389269,1.3197376655980906,1.065530136267424,1.4976813228281727
1.0052442755019573,1.3245889802467885,1.0629003084240216,1.5167875771975847
1.0051859203995244,1.3125188218984105,1.0642031190664918,1.5488506078802362
1.0046187026386943,1.3016641232137516,1.0677195281295921,1.494788119624003
1.004953566489958,1.3120012243072483,1.0674298542682008,1.507413107788712
1.004442132688838,1.2940745330938004,1.067991531663327,1.5230759536107241
1.0042954415789036,1.3252644670987823,1.0651359209209785,1.5613874230325777
1.0047876061366865,1.3135078571689183,1.0685128378277153,1.52547976945746
1.004638132727581,1.2967555302090557,1.0679900615567681,1.5315336046825982
1.004213971455131,1.3176026833885075,1.0626148786528569,1.5122304634876358
1.0049545833505757,1.3248856474755724,1.0639177570652147,1.4995154945780391
1.004249558830898,1.3119556007858157,1.0658809989434266,1.541252947280636
1.0053706433687577,1.3080020441203244,1.0670368239250694,1.5037450607790852
1.004263791295376,1.3262890094057906,1.0630476464533762,1.5076756550804886
1.0051279922854641,1.325005974590874,1.0648055246713475,1.5530073833563809
1.005385335500634,1.2954719078216064,1.0676919683595136,1.5416439466119862
1.0041695230230694,1.3187075649227384,1.0609271399901041,1.5319077370795762
1.0048032923810983,1.3037652479783588,1.0662356721510353,1.5316693625326363
1.0044000435504357,1.3071056017311868,1.0628045565642517,1.520293463343382
1.0044342591571531,1.3078393669835382,1.0645427712749216,1.5418033206738133
1.0051363885149323,1.3025274774827214,1.0670572334431092,1.5349125721384684
1.0042889380140343,1.3033515157588622,1.0685555327271834,1.4914433273417338
