site,period,metric,start_year,end_year,n_years,mean_sca,slope_per_year,slope_per_decade,ci95_low,ci95_high,ci95_low_per_decade,ci95_high_per_decade,p_value,r2,sen_slope_per_year,sen_slope_per_decade,sen_intercept,sen_ci95_low,sen_ci95_high,sen_ci95_low_per_decade,sen_ci95_high_per_decade
ALT,2002_2022,sca_detrended_range,2002,2022,20,0.4389371493092167,-4.4332031055994895e-05,-0.00044332031055994894,-0.006982881621753132,0.006894217559641143,-0.06982881621753133,0.06894217559641143,0.9894377513315046,1.0010156936135495e-05,-3.333333333346474e-05,-0.00033333333333464743,0.48928421070844286,-0.0096895467760471,0.006000000000000227,-0.096895467760471,0.060000000000002274
ASC,2002_2022,sca_detrended_range,2002,2022,21,0.15020368913232232,0.002605166192300411,0.02605166192300411,-0.0025960445404212434,0.007806376925022066,-0.025960445404212433,0.07806376925022065,0.3076318728974233,0.05468085049742921,0.0018704994067850764,0.018704994067850762,-3.6202633596226645,-0.0021522072663489964,0.00832460754601812,-0.021522072663489964,0.0832460754601812
BRW,2002_2022,sca_detrended_range,2002,2022,21,0.49985998432600676,0.003457975937472113,0.03457975937472113,-0.005394485613738028,0.012310437488682253,-0.05394485613738029,0.12310437488682253,0.42372963666066316,0.03398554952808419,0.004833333333335688,0.048333333333356876,-9.200358528151245,-0.008446899195815507,0.01262499999999811,-0.08446899195815508,0.1262499999999811
CGO,2002_2022,sca_detrended_range,2002,2022,21,0.20379920354571432,-0.0009326103168436035,-0.009326103168436035,-0.008117913992063687,0.00625269335837648,-0.08117913992063687,0.0625269335837648,0.7888115849549722,0.0038692018041838194,-0.0013151252539433636,-0.013151252539433635,2.8053990719307493,-0.007712923571269124,0.0041711158987656274,-0.07712923571269124,0.041711158987656274
KUM,2002_2022,sca_detrended_range,2002,2022,21,0.26233383953326106,0.0031585124150754107,0.03158512415075411,-0.00197122682348424,0.008288251653635061,-0.0197122682348424,0.0828825165363506,0.21296394118040177,0.0803850795015113,0.0020522316858596025,0.020522316858596026,-3.873851912319518,-0.003293067965783696,0.00760000000000006,-0.032930679657836956,0.0760000000000006
MHD,2002_2022,sca_detrended_range,2003,2022,20,0.3234733770704651,0.004312073400454647,0.043120734004546475,-0.0013199740683923003,0.009944120869301595,-0.013199740683923003,0.09944120869301595,0.1251169144275332,0.1256777954041174,0.0043527462276453065,0.043527462276453065,-8.433033682021112,-0.0032127542453479103,0.009970969730114656,-0.032127542453479103,0.09970969730114657
MLO,2002_2022,sca_detrended_range,2002,2022,21,0.23140322753715326,0.005031350168897771,0.05031350168897771,-0.00082235800936539,0.010885058347160931,-0.0082235800936539,0.10885058347160931,0.0879259204742295,0.1455431947023198,0.004752136752136665,0.04752136752136665,-9.334394643851363,-0.0016666666666663328,0.009733333333333387,-0.01666666666666333,0.09733333333333387
NWR,2002_2022,sca_detrended_range,2002,2022,21,0.2542705628575649,0.002873486256039398,0.02873486256039398,-0.002606020401281248,0.008352992913360044,-0.02606020401281248,0.08352992913360044,0.28609749856012917,0.05962536815797381,0.0024562795129723387,0.024562795129723387,-4.686785560619249,-0.0012916535907346945,0.00908014992014818,-0.012916535907346944,0.09080149920148181
SMO,2002_2022,sca_detrended_range,2002,2022,21,0.11473820752381579,0.00017498388897081333,0.0017498388897081332,-0.0051511068221131075,0.005501074600054735,-0.05151106822113108,0.05501074600054735,0.9458956873392652,0.0002488088245694575,-0.0012249253996218378,-0.012249253996218377,2.56088578839127,-0.006466739429855466,0.004303273988684348,-0.06466739429855467,0.043032739886843474
SPO,2002_2022,sca_detrended_range,2002,2022,20,0.19019780866672348,0.0035185370109456055,0.035185370109456056,-0.0041356091377008596,0.01117268315959207,-0.041356091377008596,0.1117268315959207,0.34695494378820385,0.049264904098077045,0.002266448850803909,0.02266448850803909,-4.402260613382807,-0.002343901526087301,0.006187420249425947,-0.02343901526087301,0.06187420249425947
TAP,2002_2022,sca_detrended_range,2002,2022,21,0.4014137335346563,0.0068525081609415355,0.06852508160941535,-0.006634780225932263,0.020339796547815335,-0.06634780225932263,0.20339796547815336,0.30092716599742536,0.05617415388269453,0.009644496656028463,0.09644496656028463,-19.05302769400749,-0.006215884771027624,0.01877090709354136,-0.062158847710276244,0.18770907093541359
WLG,2002_2022,sca_detrended_range,2002,2022,20,0.269610944008695,-0.0007729920139632334,-0.007729920139632334,-0.007115433088248297,0.00556944906032183,-0.07115433088248296,0.055694490603218294,0.8008139089928624,0.003629154960950287,-6.118005589821543e-05,-0.0006118005589821542,0.394040317368499,-0.008007890099254282,0.00679238760954586,-0.08007890099254282,0.06792387609545861
ALT,2002_2022,sca_harmonic,2002,2022,20,0.38089033674721906,0.0008166451636268082,0.008166451636268082,-0.006025791163312377,0.007659081490565994,-0.060257911633123766,0.07659081490565994,0.8048510202090113,0.003480793842160046,0.0006265908646007244,0.006265908646007243,-0.8877932351512892,-0.008709984415015092,0.007190225696609265,-0.08709984415015093,0.07190225696609265
ASC,2002_2022,sca_harmonic,2002,2022,21,0.11746614681049718,0.0011163378015619696,0.011163378015619696,-0.004250041342920384,0.006482716946044324,-0.04250041342920384,0.06482716946044324,0.6681780067636104,0.009878970282545585,0.0010837116844319634,0.010837116844319634,-2.0732192466800665,-0.00349007215558075,0.006792697619081637,-0.0349007215558075,0.06792697619081636
BRW,2002_2022,sca_harmonic,2002,2022,21,0.4369218808158991,0.0039913222641629045,0.03991322264162905,-0.004824347210179255,0.012806991738505063,-0.04824347210179255,0.12806991738505064,0.3552189880235016,0.04512967704747073,0.004587437380006424,0.04587437380006423,-8.771084170881595,-0.011476525881014395,0.013305231611949889,-0.11476525881014395,0.1330523161194989
CGO,2002_2022,sca_harmonic,2002,2022,21,0.16417229794570143,0.003016106929090371,0.030161069290903713,-0.004035251438867321,0.010067465297048063,-0.04035251438867321,0.10067465297048063,0.3818512196144917,0.04047608828909455,0.003265100609463263,0.03265100609463263,-6.427247055543413,-0.0031687320182601864,0.008584026247318034,-0.03168732018260186,0.08584026247318034
KUM,2002_2022,sca_harmonic,2002,2022,21,0.22766957146727707,0.003284295812763426,0.03284295812763426,-0.0014590695241491797,0.008027661149676032,-0.014590695241491796,0.08027661149676033,0.16358534012357476,0.09953442967458892,0.0016304847595222322,0.01630484759522232,-3.0669642909305814,-0.0039814027016225224,0.006810731515265967,-0.039814027016225224,0.06810731515265966
MHD,2002_2022,sca_harmonic,2003,2022,20,0.2677130941414002,0.006716688664082767,0.06716688664082768,0.00025632242048793594,0.013177054907677599,0.0025632242048793594,0.131770549076776,0.04241516300283419,0.20952340472237718,0.006618303450178461,0.06618303450178462,-13.055241074567746,-0.0025260369816102004,0.014459875818600188,-0.025260369816102003,0.14459875818600187
MLO,2002_2022,sca_harmonic,2002,2022,21,0.2055011880672725,0.004726889334302794,0.047268893343027946,-0.000411094930906992,0.009864873599512582,-0.00411094930906992,0.09864873599512582,0.06925913358930787,0.1632823046397487,0.004582889356751233,0.04582889356751233,-9.025120869237881,-0.0017425175431043886,0.008657251115415423,-0.017425175431043886,0.08657251115415424
NWR,2002_2022,sca_harmonic,2002,2022,21,0.2182809796201279,0.003528833943899731,0.035288339438997306,-0.00269872532896403,0.009756393216763491,-0.0269872532896403,0.09756393216763491,0.25023948928377565,0.06892934951389385,0.002261492169835491,0.02261492169835491,-4.342390472152518,-0.0019305091387901638,0.009136374829751277,-0.019305091387901638,0.09136374829751277
SMO,2002_2022,sca_harmonic,2002,2022,21,0.09211445241217245,-0.00045631269679151197,-0.004563126967915119,-0.006151797853880728,0.005239172460297704,-0.06151797853880728,0.05239172460297704,0.8685995042480897,0.0014778018968117923,-0.0025320668894713927,-0.025320668894713926,5.154548424406239,-0.006701262612444361,0.0025329995271076867,-0.06701262612444361,0.025329995271076867
SPO,2002_2022,sca_harmonic,2002,2022,20,0.16627502074556905,0.0036676894668449017,0.03667689466844902,-0.002484990754270586,0.009820369687960389,-0.02484990754270586,0.0982036968796039,0.22645759967487064,0.08015293417360414,0.002046874619635953,0.02046874619635953,-3.9763655279540377,-0.0012671115439233352,0.007474751496829633,-0.012671115439233351,0.07474751496829633
TAP,2002_2022,sca_harmonic,2002,2022,21,0.34871664590771934,0.005356765369798968,0.05356765369798968,-0.006406220103838014,0.01711975084343595,-0.06406220103838015,0.1711975084343595,0.35248587668705184,0.04563313622011134,0.006591950043755092,0.06591950043755092,-12.933744441494937,-0.00697468632945659,0.016627306031689073,-0.0697468632945659,0.16627306031689074
WLG,2002_2022,sca_harmonic,2002,2022,20,0.24187981363488192,0.00043336015147779936,0.004333601514777994,-0.007877182841044357,0.008743903143999957,-0.07877182841044357,0.08743903143999956,0.9139749873588224,0.0006663417604393373,0.0035571112570189425,0.035571112570189425,-6.912746187768051,-0.008606776175925378,0.007601611574612979,-0.08606776175925379,0.07601611574612979
ALT,2002_2022,sca_raw_range,2002,2022,20,0.4478999999999999,-5.7476863126994854e-05,-0.0005747686312699486,-0.0069820297421727,0.00686707601591871,-0.069820297421727,0.06867076015918709,0.9862785720328594,1.689439623386857e-05,-3.3333333333253795e-05,-0.00033333333333253795,0.49783333333317475,-0.009333333333332897,0.006000000000000227,-0.09333333333332897,0.060000000000002274
ASC,2002_2022,sca_raw_range,2002,2022,21,0.15161904761904782,0.003963636363636564,0.03963636363636564,-0.0016003618947063331,0.009527634621979461,-0.01600361894706333,0.09527634621979461,0.15237452542185909,0.10474973520285813,0.003583333333332088,0.03583333333332088,-7.06841666666417,-0.0020041666666666246,0.009514508928572005,-0.020041666666666246,0.09514508928572005
BRW,2002_2022,sca_raw_range,2002,2022,21,0.508238095238096,0.0034701298701298815,0.034701298701298816,-0.0053850949730231586,0.012325354713282922,-0.053850949730231586,0.12325354713282922,0.4222725298072609,0.034196060920686944,0.004833333333334503,0.048333333333345024,-9.191000000002363,-0.008714285714285706,0.01261562500000062,-0.08714285714285705,0.1261562500000062
CGO,2002_2022,sca_raw_range,2002,2022,21,0.21076190476190582,-0.0005259740259737803,-0.005259740259737803,-0.0074972945228411955,0.006445346470893634,-0.07497294522841196,0.06445346470893634,0.8761899747494479,0.001310761587710374,-0.0007083333333337492,-0.007083333333337492,1.5964583333341738,-0.007593611111111033,0.0050000000000005275,-0.07593611111111033,0.050000000000005276
KUM,2002_2022,sca_raw_range,2002,2022,21,0.2689999999999997,0.0035194805194805525,0.03519480519480553,-0.0015999436290831054,0.00863890466804421,-0.015999436290831053,0.08638904668044209,0.16644874129870052,0.09826292145174298,0.002583333333332949,0.02583333333332949,-4.935249999999226,-0.002833333333333831,0.008168750000001062,-0.02833333333333831,0.08168750000001063
MHD,2002_2022,sca_raw_range,2003,2022,20,0.33564999999999934,0.004169172932330807,0.04169172932330807,-0.0015231158747409674,0.009861461739402581,-0.015231158747409674,0.09861461739402581,0.14125529491826075,0.11625231837586547,0.004440476190475658,0.04440476190475658,-8.596958333332264,-0.003000000000001129,0.009757536764705529,-0.03000000000001129,0.0975753676470553
MLO,2002_2022,sca_raw_range,2002,2022,21,0.23952380952381025,0.005170129870130091,0.05170129870130091,-0.0007549160825038896,0.011095175822764071,-0.007549160825038896,0.11095175822764071,0.08355374444770043,0.1493382922752441,0.004790598290598117,0.047905982905981165,-9.402358974358625,-0.001769230769230476,0.009833333333332916,-0.01769230769230476,0.09833333333332916
NWR,2002_2022,sca_raw_range,2002,2022,21,0.2619999999999998,0.0030155844155842658,0.03015584415584266,-0.0022806328401119265,0.008311801671280459,-0.022806328401119264,0.08311801671280458,0.24803863622433758,0.06955031896726538,0.0026000000000001603,0.026000000000001605,-4.968200000000325,-0.001317894736842041,0.009400714285715095,-0.013178947368420409,0.09400714285715095
SMO,2002_2022,sca_raw_range,2002,2022,21,0.11728571428571431,0.0009701298701299385,0.009701298701299385,-0.004490650211117351,0.006430909951377228,-0.04490650211117351,0.06430909951377228,0.7141308036900754,0.007224309642901328,-0.0005921052631577724,-0.005921052631577724,1.2853552631576504,-0.0056666666666661085,0.004500000000000198,-0.056666666666661085,0.04500000000000198
SPO,2002_2022,sca_raw_range,2002,2022,20,0.19789999999999916,0.003911627583327496,0.039116275833274955,-0.0035917603391269317,0.011415015505781924,-0.035917603391269315,0.11415015505781924,0.28784970638383933,0.062478258723611124,0.0028562091503270505,0.028562091503270506,-5.583333333333842,-0.0016000000000000606,0.006833333333333594,-0.016000000000000604,0.06833333333333594
TAP,2002_2022,sca_raw_range,2002,2022,21,0.4125714285714293,0.00693116883116893,0.0693116883116893,-0.006555398485321332,0.020417736147659193,-0.06555398485321332,0.20417736147659193,0.2955447754241758,0.05740255243291548,0.008593749999999957,0.08593749999999957,-16.926812499999915,-0.006780555555554773,0.01840738304093581,-0.06780555555554774,0.1840738304093581
WLG,2002_2022,sca_raw_range,2002,2022,20,0.28025000000000055,-0.00030689075630202576,-0.0030689075630202576,-0.006834206866898667,0.006220425354294615,-0.06834206866898668,0.062204253542946154,0.9224064640782964,0.0005417642507669074,0.0007863636363635463,0.007863636363635462,-1.3059545454543646,-0.008310119047619306,0.007655492424242646,-0.08310119047619305,0.07655492424242646
ALT,2016_2022,sca_detrended_range,2016,2022,7,0.4315937345177038,0.019321428571429017,0.19321428571429017,-0.019308208924419618,0.05795106606727765,-0.19308208924419618,0.5795106606727765,0.25486107971096267,0.24847104407059983,0.0179999999999995,0.179999999999995,-35.87354912262414,-0.01080000000000042,0.0755000000000017,-0.1080000000000042,0.755000000000017
AMY,2016_2022,sca_detrended_range,2016,2022,7,0.445774501237811,0.019889045434695458,0.19889045434695457,-0.036651663173273244,0.07642975404266415,-0.3665166317327324,0.7642975404266416,0.4073231401595477,0.14054666677486782,0.017134828406381548,0.17134828406381547,-34.10529717973542,-0.07760299014609728,0.07190074753653637,-0.7760299014609728,0.7190074753653637
ASC,2016_2022,sca_detrended_range,2016,2022,7,0.16973446906195325,0.0017479393732643368,0.01747939373264337,-0.04526864930556731,0.04876452805209599,-0.4526864930556731,0.4876452805209599,0.927576706973332,0.0018232692415477425,0.006461773619473382,0.06461773619473382,-12.90861206961939,-0.09499999999999889,0.08699215092034865,-0.9499999999999889,0.8699215092034864
BHD,2016_2022,sca_detrended_range,2016,2022,5,0.15703819493051152,0.027369043321959184,0.27369043321959186,-0.007585560711800936,0.062323647355719304,-0.07585560711800936,0.623236473557193,0.08834211255509722,0.674237278060462,0.03398528158989447,0.3398528158989447,-68.42954724481295,-0.009158709389473595,0.0592577545162129,-0.09158709389473595,0.592577545162129
BRW,2016_2022,sca_detrended_range,2016,2022,7,0.5216926901601582,-0.0025357142857129816,-0.025357142857129818,-0.05867124172817175,0.053599813156745786,-0.5867124172817175,0.5359981315674579,0.9120797567525071,0.002689356265538345,0.0046666666666664485,0.04666666666666448,-8.863358528146044,-0.05006414718534913,0.05349999999999966,-0.5006414718534913,0.5349999999999966
CBA,2016_2022,sca_detrended_range,2016,2022,7,0.48234418563102516,-0.003035714285708477,-0.030357142857084768,-0.059489452757185486,0.05341802418576853,-0.5948945275718549,0.5341802418576853,0.8954537975348105,0.003806911348749109,-0.004750000000001378,-0.04750000000001378,10.073237042776668,-0.10433333333332702,0.08400000000000556,-1.0433333333332702,0.8400000000000556
CGO,2016_2022,sca_detrended_range,2016,2022,7,0.1919216852348719,0.013735771219329252,0.1373577121932925,-0.04801188287507313,0.07548342531373163,-0.4801188287507313,0.7548342531373163,0.5921863681525154,0.06138278007880116,0.010686719804703882,0.10686719804703883,-21.413898174680796,-0.09918539135378997,0.12055883096319774,-0.9918539135378996,1.2055883096319773
GMI,2016_2022,sca_detrended_range,2018,2022,5,0.27867224057850704,0.002060200482092165,0.02060200482092165,-0.14170767147284002,0.14582807243702434,-1.4170767147284002,1.4582807243702434,0.9664913002776591,0.0006927798071131308,0.011716624899569558,0.11716624899569558,-23.352901695684245,-0.14906020048207935,0.15435012530130443,-1.4906020048207935,1.5435012530130443
KUM,2016_2022,sca_detrended_range,2016,2022,7,0.29578128659782166,0.014612329844928766,0.14612329844928768,-0.031755971812424205,0.06098063150228174,-0.31755971812424205,0.6098063150228173,0.4547030983050269,0.11601976341901754,0.016799999999999215,0.16799999999999216,-33.6334369108536,-0.04264246072368157,0.0806424607236783,-0.42642460723681574,0.806424607236783
MEX,2016_2022,sca_detrended_range,2016,2022,7,0.23368432083085972,0.014820034883074663,0.14820034883074662,-0.028607070126508344,0.05824713989265767,-0.28607070126508344,0.5824713989265767,0.42049974329112594,0.13338201026171936,0.01086951218183311,0.1086951218183311,-21.727021924030552,-0.0408914634544999,0.06139472537752825,-0.408914634544999,0.6139472537752825
MHD,2016_2022,sca_detrended_range,2016,2022,7,0.3314583723843429,0.015496231460431638,0.1549623146043164,-0.0280125366606963,0.059004999581559574,-0.280125366606963,0.5900499958155957,0.4019023992787135,0.1435755636554793,0.015494724044600616,0.15494724044600616,-30.937963917067385,-0.026947240446041576,0.06647362022301448,-0.26947240446041576,0.6647362022301448
MID,2016_2022,sca_detrended_range,2016,2022,7,0.3496334180183709,0.004144517574475826,0.041445175744758256,-0.05001891426543842,0.058307949414390076,-0.5001891426543842,0.5830794941439008,0.8518094121364582,0.007678578957997617,0.0036666666666652268,0.03666666666665227,-7.039938010550131,-0.09598450263825958,0.08449999999999847,-0.9598450263825958,0.8449999999999847
MLO,2016_2022,sca_detrended_range,2016,2022,7,0.2661171957960714,0.011422552911088004,0.11422552911088005,-0.04033567839785927,0.06318078422003529,-0.40335678397859276,0.6318078422003528,0.5950301055818943,0.06047406208458217,0.011361049383679036,0.11361049383679037,-22.684210372288653,-0.10516629630207319,0.07621654629817104,-1.051662963020732,0.7621654629817104
NWR,2016_2022,sca_detrended_range,2016,2022,7,0.28992739090966474,0.005849932541778578,0.05849932541778578,-0.023144761317035186,0.03484462640059234,-0.23144761317035187,0.3484462640059234,0.6261414065701641,0.051050569900853326,0.006699921298740937,0.06699921298740937,-13.248542518780638,-0.024566902770442805,0.0550997638962229,-0.24566902770442806,0.550997638962229
SMO,2016_2022,sca_detrended_range,2016,2022,7,0.11885849028580453,0.013734743437525728,0.1373474343752573,-0.038474708925250095,0.06594419580030154,-0.38474708925250095,0.6594419580030154,0.5288976633230238,0.08379681085377966,0.011958529833348067,0.11958529833348067,-24.05708158077957,-0.045145538583310475,0.09272066587512029,-0.45145538583310474,0.9272066587512029
SPO,2016_2022,sca_detrended_range,2016,2022,7,0.22175819258756085,0.003915156924840709,0.039151569248407084,-0.0671540554647503,0.07498436931443171,-0.671540554647503,0.7498436931443171,0.8929156570195662,0.003994752101433963,0.013801628755061301,0.13801628755061301,-27.692636411167364,-0.11584390152608866,0.035468295421736684,-1.1584390152608866,0.35468295421736684
SUM,2016_2022,sca_detrended_range,2016,2022,7,0.33176393367732765,-0.00023240972147349232,-0.002324097214734923,-0.063429413086059,0.06296459364311201,-0.6342941308605899,0.6296459364311201,0.9928229606105583,1.7873133993373536e-05,-0.010166666666666666,-0.10166666666666666,20.86398542659481,-0.084601271841926,0.06424808028437,-0.8460127184192601,0.6424808028437
TAP,2016_2022,sca_detrended_range,2016,2022,7,0.4051127292723038,0.024110090792452202,0.24110090792452202,-0.008601138224894049,0.05682131980979845,-0.08601138224894049,0.5682131980979845,0.1166586971795068,0.4179123569722595,0.016610090792449128,0.16610090792449128,-33.14570449025663,-0.0235198789434037,0.07310702983646661,-0.235198789434037,0.7310702983646661
WLG,2016_2022,sca_detrended_range,2016,2022,7,0.27795040509040697,0.015920188698689837,0.15920188698689836,-0.021143117085623227,0.0529834944830029,-0.21143117085623225,0.529834944830029,0.3198024563023619,0.19603663543464123,0.013921761187762172,0.13921761187762172,-27.828813950074426,-0.04576955970306076,0.1106173582183558,-0.4576955970306076,1.106173582183558
ZEP,2016_2022,sca_detrended_range,2016,2022,7,0.4739465523638872,0.010799829185594363,0.10799829185594363,-0.06137086651947791,0.08297052489066664,-0.6137086651947791,0.8297052489066664,0.7163003402842076,0.028743444887635694,0.00469760859829188,0.0469760859829188,-9.051286108361532,-0.08233333333333566,0.10870550268697002,-0.8233333333333566,1.0870550268697001
ALT,2016_2022,sca_harmonic,2016,2022,7,0.374914079399283,0.024875150836202668,0.2487515083620267,-0.019969229711243673,0.069719531383649,-0.19969229711243675,0.69719531383649,0.21322657951593763,0.2890851758678227,0.024913780453152873,0.24913780453152873,-49.875363484893114,-0.012021891386321837,0.08274012080290666,-0.12021891386321837,0.8274012080290666
AMY,2016_2022,sca_harmonic,2016,2022,7,0.38849555320856943,0.017089656661281358,0.17089656661281358,-0.0331481122389831,0.0673274255615458,-0.33148112238983096,0.6732742556154581,0.4218820473361962,0.132646286013113,0.017799442042364222,0.17799442042364222,-35.563291749677404,-0.05636582348864727,0.061958260268054,-0.5636582348864727,0.61958260268054
ASC,2016_2022,sca_harmonic,2016,2022,7,0.1239480548941931,0.003931591477673199,0.039315914776731985,-0.037569481164194625,0.04543266411954102,-0.37569481164194624,0.4543266411954102,0.8172759680873849,0.011721690624378112,0.006099706512061983,0.06099706512061983,-12.21183932041316,-0.10764679679919228,0.07434542535370077,-1.076467967991923,0.7434542535370077
BHD,2016_2022,sca_harmonic,2016,2022,5,0.13997394087901094,0.02774647620353725,0.2774647620353725,-0.012786433837741931,0.06827938624481643,-0.1278643383774193,0.6827938624481643,0.11751233420851483,0.6127003460881892,0.026618319078717874,0.2661831907871787,-53.58175367204975,-0.009777728209686691,0.06774967575602715,-0.09777728209686691,0.6774967575602715
BRW,2016_2022,sca_harmonic,2016,2022,7,0.45684036021848423,0.00041199671861788425,0.004119967186178843,-0.05506511989718232,0.05588911333441809,-0.5506511989718231,0.5588911333441808,0.9855074932705896,7.288211437983527e-05,-0.00492241245211722,-0.0492241245211722,10.418593042241648,-0.043149152269897906,0.07916884380658629,-0.43149152269897906,0.7916884380658629
CBA,2016_2022,sca_harmonic,2016,2022,7,0.41622118213164655,0.006998927852260049,0.06998927852260049,-0.039777138982061734,0.05377499468658183,-0.3977713898206173,0.5377499468658183,0.7163300235013337,0.028737251402501385,0.01095118296416657,0.1095118296416657,-21.724059828970976,-0.08555378623180077,0.07965099266227012,-0.8555378623180077,0.7965099266227011
CGO,2016_2022,sca_harmonic,2016,2022,7,0.18001208355590256,0.01468433889587262,0.1468433889587262,-0.0387112400295683,0.06807991782131355,-0.387112400295683,0.6807991782131355,0.5111810974427752,0.09086933881645964,0.013561312300670316,0.13561312300670317,-27.232414785875463,-0.07862278569065624,0.10574541029199687,-0.7862278569065624,1.0574541029199687
GMI,2016_2022,sca_harmonic,2018,2022,5,0.24725730026571338,0.0016054781367497114,0.016054781367497113,-0.14320768311750315,0.14641863939100258,-1.4320768311750314,1.4641863939100257,0.9740709368046113,0.00041477585373184134,-0.01975139477538944,-0.1975139477538944,40.227858949205064,-0.14212987794351895,0.16712044122164965,-1.4212987794351895,1.6712044122164964
KUM,2016_2022,sca_harmonic,2016,2022,7,0.2662381384494675,0.014706540953985691,0.14706540953985692,-0.0283479643674694,0.057761046275440785,-0.28347964367469397,0.5776104627544079,0.4200968791080341,0.13359699249161983,0.0162517419507629,0.162517419507629,-32.551321075482804,-0.0585579462970392,0.07438832749543633,-0.585579462970392,0.7438832749543633
MEX,2016_2022,sca_harmonic,2016,2022,7,0.19683158061349187,0.008634414699953349,0.0863441469995335,-0.02905251100575033,0.046321340405657024,-0.2905251100575033,0.46321340405657024,0.581499442452632,0.06487074591919317,0.009479897316109404,0.09479897316109404,-18.946092553395967,-0.03886935110047001,0.05789814678139218,-0.3886935110047001,0.5789814678139218
MHD,2016_2022,sca_harmonic,2016,2022,7,0.2952221758534166,0.02000394426950704,0.2000394426950704,-0.030054551592601498,0.07006244013161558,-0.30054551592601497,0.7006244013161558,0.35141448460472086,0.1742646908572858,0.021268599060853547,0.21268599060853546,-42.64055056023216,-0.03984748700909055,0.09105019239808254,-0.3984748700909055,0.9105019239808254
MID,2016_2022,sca_harmonic,2016,2022,7,0.29744753811809294,0.0022196613570984298,0.0221966135709843,-0.04354449821621804,0.0479838209304149,-0.43544498216218036,0.479838209304149,0.9056353694656222,0.0030993256771967292,-0.0011615801311786005,-0.011615801311786005,2.6582113276672312,-0.0871433747883737,0.06828859070022689,-0.871433747883737,0.6828859070022688
MLO,2016_2022,sca_harmonic,2016,2022,7,0.23854929599861308,0.01251641994811665,0.1251641994811665,-0.03333267204858447,0.05836551194481777,-0.3333267204858447,0.5836551194481777,0.5141474221146765,0.08965934774558393,0.01100904163604488,0.1100904163604488,-22.000617490864602,-0.08732910526299753,0.07191973997926743,-0.8732910526299753,0.7191973997926743
NWR,2016_2022,sca_harmonic,2016,2022,7,0.2667772337010527,0.002399901454876892,0.02399901454876892,-0.03361470279749722,0.038414505707250995,-0.3361470279749722,0.38414505707250995,0.8707079443216161,0.005834198594933282,-0.0018319241788066487,-0.018319241788066487,3.9449682812588396,-0.04672690051234022,0.04343689004471791,-0.4672690051234022,0.4343689004471791
SMO,2016_2022,sca_harmonic,2016,2022,7,0.09997745029738378,0.012657154689013796,0.12657154689013797,-0.04201308245486777,0.06732739183289536,-0.4201308245486777,0.6732739183289537,0.5776624828945005,0.06615147920761022,0.01205264854404862,0.12052648544048619,-24.27408599039516,-0.0522680222554797,0.0821238416539374,-0.522680222554797,0.8212384165393739
SPO,2016_2022,sca_harmonic,2016,2022,7,0.1937444677395927,0.01152861949276681,0.1152861949276681,-0.04656330592190628,0.06962054490743991,-0.4656330592190628,0.6962054490743991,0.6316652802244125,0.049474314986925116,0.014486006887650421,0.1448600688765042,-29.100556594543086,-0.0842393178517919,0.03718069222579304,-0.842393178517919,0.3718069222579304
SUM,2016_2022,sca_harmonic,2016,2022,7,0.31057359890576747,0.007637261335867028,0.07637261335867028,-0.06469357209493154,0.07996809476666558,-0.6469357209493154,0.7996809476666558,0.796915960749309,0.014520079995069879,-0.005674232588148809,-0.05674232588148809,11.760940323162137,-0.08512547467655505,0.0888597266012585,-0.8512547467655506,0.888597266012585
TAP,2016_2022,sca_harmonic,2016,2022,7,0.35897937649594663,0.020017724895346728,0.20017724895346728,-0.026213410367918376,0.06624886015861184,-0.26213410367918377,0.6624886015861184,0.31631827274490154,0.19857188363159906,0.019064608776613298,0.19064608776613298,-38.15978821769238,-0.05633823099230325,0.09446744854552984,-0.5633823099230325,0.9446744854552984
WLG,2016_2022,sca_harmonic,2016,2022,7,0.2675366965661352,0.020393196657463426,0.20393196657463425,-0.02033967946877628,0.061126072783703134,-0.2033967946877628,0.6112607278370313,0.25445892388617003,0.24883379660926053,0.014490957918707387,0.14490957918707387,-29.006596582579355,-0.044956890066647624,0.1344259192518444,-0.44956890066647626,1.3442591925184442
ZEP,2016_2022,sca_harmonic,2016,2022,7,0.43626537937582105,0.021910977855163157,0.21910977855163158,-0.06028434553951116,0.10410630124983748,-0.6028434553951116,1.0410630124983749,0.5236588676936653,0.08584987917094422,0.021293991612101233,0.21293991612101232,-42.62053553788713,-0.08289665385761973,0.12655292696339474,-0.8289665385761973,1.2655292696339473
ALT,2016_2022,sca_raw_range,2016,2022,7,0.44014285714285656,0.019321428571429256,0.19321428571429256,-0.019308208924419052,0.05795106606727757,-0.1930820892441905,0.5795106606727757,0.2548610797109542,0.24847104407061615,0.0179999999999995,0.179999999999995,-35.864999999998986,-0.01080000000000041,0.07549999999999812,-0.10800000000000409,0.7549999999999812
AMY,2016_2022,sca_raw_range,2016,2022,7,0.47442857142857214,0.02042857142857636,0.20428571428576361,-0.03326986239423482,0.07412700525138755,-0.3326986239423482,0.7412700525138755,0.3730213472557282,0.16055935490457207,0.01333333333333305,0.1333333333333305,-26.39966666666609,-0.07033333333333286,0.07000000000000266,-0.7033333333333286,0.7000000000000266
ASC,2016_2022,sca_raw_range,2016,2022,7,0.18128571428571608,0.005678571428572323,0.05678571428572323,-0.04210271797127115,0.0534598608284158,-0.42102717971271153,0.534598608284158,0.7722941126338306,0.01832413297228086,0.0132000000000005,0.132000000000005,-26.479400000001004,-0.09400000000000121,0.0900000000000034,-0.940000000000012,0.900000000000034
BHD,2016_2022,sca_raw_range,2016,2022,5,0.1751999999999995,0.026655172413791516,0.26655172413791517,-0.00494730297043668,0.058257647798019715,-0.049473029704366796,0.5825764779801972,0.07477891140453653,0.7060307459990192,0.03238333333333199,0.3238333333333199,-65.17909999999728,-0.0058749999999996375,0.05479999999999911,-0.058749999999996375,0.5479999999999912
BRW,2016_2022,sca_raw_range,2016,2022,7,0.5297142857142865,-0.0025357142857129846,-0.025357142857129845,-0.0587895170961571,0.05371808852473114,-0.5878951709615711,0.5371808852473113,0.9122636217003137,0.0026780894984439474,0.0046666666666664485,0.04666666666666448,-8.853999999999559,-0.05099999999999838,0.053499999999996106,-0.5099999999999838,0.5349999999999611
CBA,2016_2022,sca_raw_range,2016,2022,7,0.4941428571428576,-0.0028214285714268364,-0.028214285714268365,-0.05904693661337941,0.05340407947052574,-0.5904693661337941,0.5340407947052573,0.9023911831823727,0.003316815686876806,-0.004750000000001378,-0.04750000000001378,10.084750000002785,-0.10366666666666664,0.08400000000000081,-1.0366666666666664,0.8400000000000081
CGO,2016_2022,sca_raw_range,2016,2022,7,0.20228571428571582,0.01407142857143203,0.14071428571432032,-0.043247064765325326,0.07138992190818938,-0.43247064765325327,0.7138992190818938,0.5557160791137331,0.07377295365548564,0.011166666666666701,0.11166666666666701,-22.368833333333406,-0.09133333333333364,0.11366666666666703,-0.9133333333333364,1.1366666666666703
GMI,2016_2022,sca_raw_range,2018,2022,5,0.2907999999999972,0.010699999999996447,0.10699999999996447,-0.1492580586277299,0.17065805862772276,-1.492580586277299,1.7065805862772276,0.8450642758074515,0.014881432069758338,0.009749999999999762,0.09749999999999762,-19.351999999999524,-0.15850000000000009,0.16024999999999956,-1.5850000000000009,1.6024999999999956
KUM,2016_2022,sca_raw_range,2016,2022,7,0.3051428571428555,0.01475000000000328,0.1475000000000328,-0.03138823939247847,0.060888239392485034,-0.31388239392478473,0.6088823939248503,0.44859306293206214,0.11899609320496174,0.016799999999999204,0.16799999999999204,-33.6237999999984,-0.04200000000000159,0.08000000000000067,-0.4200000000000159,0.8000000000000067
MEX,2016_2022,sca_raw_range,2016,2022,7,0.24885714285714244,0.015464285714287745,0.15464285714287745,-0.028568524563004256,0.05949709599157975,-0.28568524563004255,0.5949709599157975,0.4080247516475285,0.14015815252492636,0.010500000000000403,0.10500000000000403,-20.966000000000815,-0.04199999999999804,0.060775000000001564,-0.4199999999999804,0.6077500000000157
MHD,2016_2022,sca_raw_range,2016,2022,7,0.3424285714285712,0.015750000000001717,0.15750000000001718,-0.02864530825305835,0.06014530825306179,-0.2864530825305835,0.6014530825306179,0.40361691765639435,0.14261232642860078,0.015999999999998238,0.15999999999998238,-31.946999999996443,-0.032000000000003526,0.06899999999999906,-0.32000000000003526,0.6899999999999906
MID,2016_2022,sca_raw_range,2016,2022,7,0.36957142857142905,0.00467857142857574,0.0467857142857574,-0.04979143699791232,0.059148579855063804,-0.4979143699791232,0.5914857985506381,0.833985732175553,0.00965585304152905,0.0036666666666652268,0.03666666666665227,-7.019999999997083,-0.09099999999999403,0.08449999999999847,-0.9099999999999403,0.8449999999999847
MLO,2016_2022,sca_raw_range,2016,2022,7,0.275428571428572,0.011642857142861252,0.11642857142861252,-0.039970423992648,0.06325613827837051,-0.39970423992648,0.6325613827837051,0.5871503870912669,0.06301197675797454,0.011500000000000432,0.11500000000000432,-22.95600000000087,-0.10699999999999932,0.07648749999999778,-1.0699999999999932,0.7648749999999778
NWR,2016_2022,sca_raw_range,2016,2022,7,0.29942857142856993,0.006392857142857556,0.06392857142857555,-0.02243844577292845,0.03522416005864356,-0.2243844577292845,0.3522416005864356,0.5933439964444718,0.061011882093088166,0.0073333333333328215,0.07333333333332821,-14.515999999998968,-0.02266666666666593,0.05700000000000219,-0.2266666666666593,0.5700000000000218
SMO,2016_2022,sca_raw_range,2016,2022,7,0.1300000000000015,0.014607142857144208,0.1460714285714421,-0.039322448664357974,0.0685367343786464,-0.39322448664357973,0.6853673437864639,0.5172987412441739,0.08838538078189095,0.01266666666666675,0.12666666666666748,-25.469000000000168,-0.043333333333334195,0.10449999999999804,-0.43333333333334195,1.0449999999999804
SPO,2016_2022,sca_raw_range,2016,2022,7,0.23085714285714382,0.004285714285710616,0.042857142857106165,-0.0661590065512138,0.07473043512263504,-0.6615900655121381,0.7473043512263504,0.8818447721218065,0.00486769338940507,0.01725000000000067,0.1725000000000067,-34.63325000000135,-0.11399999999999959,0.04100000000000399,-1.139999999999996,0.4100000000000399
SUM,2016_2022,sca_raw_range,2016,2022,7,0.3405714285714276,0.0012142857142834124,0.012142857142834125,-0.06793403412654443,0.07036260555511124,-0.6793403412654443,0.7036260555511125,0.965742347580435,0.0004073750387643127,-0.010166666666666649,-0.10166666666666649,20.879166666666627,-0.1114999999999995,0.06748749999999976,-1.114999999999995,0.6748749999999976
TAP,2016_2022,sca_raw_range,2016,2022,7,0.4170000000000006,0.02385714285714532,0.23857142857145322,-0.00815476930997423,0.05586905502426487,-0.0815476930997423,0.5586905502426487,0.11354616513273316,0.42330459595652814,0.018499999999999517,0.18499999999999517,-36.945999999999025,-0.024333333333333467,0.07066666666666777,-0.24333333333333468,0.7066666666666777
WLG,2016_2022,sca_raw_range,2016,2022,7,0.29157142857142915,0.016071428571430058,0.16071428571430058,-0.01984948569925304,0.051992342842113154,-0.19849485699253042,0.5199234284211316,0.3021183542698618,0.20920458865726188,0.014499999999998195,0.14499999999998195,-28.98299999999636,-0.045000000000001705,0.10500000000000398,-0.45000000000001705,1.0500000000000398
ZEP,2016_2022,sca_raw_range,2016,2022,7,0.4885714285714298,0.011035714285716071,0.11035714285716071,-0.06134981449731206,0.08342124306874421,-0.6134981449731206,0.8342124306874421,0.7112756800673611,0.02980234770622192,0.007999999999995566,0.07999999999995566,-15.698999999991052,-0.08233333333333093,0.10973749999999786,-0.8233333333333093,1.0973749999999787
ALT,2020_2022,sca_detrended_range,2020,2022,3,0.4724508773748444,-0.005999999999984696,-0.05999999999984697,-1.2384363617678846,1.2264363617679153,-12.384363617678847,12.264363617679152,0.960669480004481,0.003811944091486774,-0.006000000000000227,-0.060000000000002274,12.654450877375304,-0.17399999999999954,0.1619999999999991,-1.7399999999999953,1.6199999999999908
AMY,2020_2022,sca_detrended_range,2020,2022,3,0.46358803941557625,0.13390448521916756,1.3390448521916756,-0.5329645209228215,0.8007734913611566,-5.329645209228215,8.007734913611566,0.2378071832075032,0.8668335473323067,0.13390448521916198,1.3390448521916198,-270.1876780835838,0.04299999999999926,0.2248089704383247,0.4299999999999926,2.248089704383247
ASC,2020_2022,sca_detrended_range,2020,2022,3,0.14236472965192817,-0.04061518865043662,-0.4061518865043662,-0.49815068238196025,0.416920305081087,-4.981506823819602,4.16920305081087,0.46177467765111857,0.5598999815176939,-0.040615188650438255,-0.40615188650438255,82.24645069658439,-0.1029843018406993,0.02175392453982279,-1.029843018406993,0.21753924539822792
BRW,2020_2022,sca_detrended_range,2020,2022,3,0.5142226089397136,-0.0324358528146242,-0.324358528146242,-2.031947554633005,1.9670758490037565,-20.31947554633005,19.670758490037564,0.8705931126480895,0.04075347749887959,-0.03243585281464689,-0.3243585281464689,66.15793586306953,-0.3049999999999926,0.24012829437069882,-3.049999999999926,2.4012829437069882
CBA,2020_2022,sca_detrended_range,2020,2022,3,0.46382037610722193,-0.12250000000000254,-1.2250000000000254,-0.22887099550966655,-0.016129004490338536,-2.2887099550966656,-0.16129004490338536,0.04343868621938667,0.9953514338145928,-0.12249999999998806,-1.2249999999998806,248.03148704274977,-0.13699999999997908,-0.10799999999999704,-1.369999999999791,-1.0799999999999703
CGO,2020_2022,sca_detrended_range,2020,2022,3,0.18921567140694143,-0.05612031882822591,-0.561203188282259,-0.11392511403803264,0.0016844763815808267,-1.1392511403803265,0.016844763815808267,0.05149432936293901,0.9934715331362061,-0.05612031882822065,-0.5612031882822065,113.61100658363146,-0.06400000000000708,-0.048240637656434215,-0.6400000000000707,-0.48240637656434215
GMI,2020_2022,sca_detrended_range,2020,2022,3,0.26154710104453227,0.0298599498795107,0.298599498795107,-1.796642655748048,1.8563625555070693,-17.966426557480478,18.563625555070693,0.8696136550706289,0.041364041919855654,0.029859949879483594,0.29859949879483594,-60.0024181551106,-0.21912040096415808,0.27884030072312527,-2.191204009641581,2.7884030072312527
KUM,2020_2022,sca_detrended_range,2020,2022,3,0.2977206284211367,0.02946369108551994,0.2946369108551994,-0.45864206179566547,0.5175694439667053,-4.586420617956655,5.175694439667053,0.5834688281498146,0.37038490658746026,0.02946369108551039,0.2946369108551039,-59.2262202857572,-0.03707261782897581,0.09599999999999659,-0.37072617828975807,0.9599999999999659
MEX,2020_2022,sca_detrended_range,2020,2022,3,0.258175610181335,-0.04089146345449452,-0.4089146345449452,-0.7858015495546742,0.704018622645685,-7.858015495546741,7.04018622645685,0.6122688847081342,0.3272821133876075,-0.0408914634544999,-0.408914634544999,82.9336708126348,-0.14243414618199068,0.060651219272990886,-1.4243414618199068,0.6065121927299089
MHD,2020_2022,sca_detrended_range,2020,2022,3,0.35305235429972015,-0.014263189888478226,-0.14263189888478225,-1.1934172937931984,1.164890914016242,-11.934172937931983,11.64890914016242,0.9029139383295269,0.02307725315043596,-0.01426318988849215,-0.1426318988849215,29.232538055646188,-0.17499999999999,0.1464736202230057,-1.7499999999999,1.464736202230057
MID,2020_2022,sca_detrended_range,2020,2022,3,0.3407338219008551,0.0010000000000212872,0.010000000000212873,-0.7104715927343894,0.7124715927344321,-7.104715927343895,7.124715927344321,0.988631785965466,0.0003188438720597153,0.0010000000000118525,0.010000000000118525,-1.6479380105770085,-0.09598450263825958,0.09798450263828329,-0.9598450263825958,0.9798450263828329
MLO,2020_2022,sca_detrended_range,2020,2022,3,0.27288691361104844,-0.01508314815102807,-0.1508314815102807,-0.6759268824597453,0.6457605861576892,-6.759268824597453,6.457605861576892,0.8203050029445873,0.07757951781005124,-0.015083148151035147,-0.15083148151035147,30.785957042903426,-0.10516629630207319,0.0750000000000029,-1.051662963020732,0.750000000000029
NWR,2020_2022,sca_detrended_range,2020,2022,3,0.2915653287452429,-0.025900236103773365,-0.25900236103773366,-0.752889238891366,0.7010887666838194,-7.52889238891366,7.010887666838194,0.7293851922130306,0.17006909428407324,-0.025900236103780144,-0.25900236103780144,52.66897574911699,-0.125,0.07319952779243971,-1.25,0.7319952779243971
SMO,2020_2022,sca_detrended_range,2020,2022,3,0.13710642641681636,-0.0703122052499678,-0.703122052499678,-1.3087241465918558,1.16809973609192,-13.087241465918558,11.6809973609192,0.6021443118222054,0.34229161099930594,-0.0703122052499765,-0.703122052499765,142.2943447577027,-0.23912676850011388,0.09850235800016091,-2.391267685001139,0.9850235800016092
SPO,2020_2022,sca_detrended_range,2020,2022,3,0.19437398982606402,0.03592195076305206,0.3592195076305206,-0.33030202168192757,0.40214592320803166,-3.3030202168192755,4.021459232080317,0.4304697254291872,0.608351428869008,0.035921950763043456,0.35921950763043453,-72.38724785203043,-0.013999999999995794,0.0858439015260827,-0.13999999999995794,0.858439015260827
SUM,2020_2022,sca_detrended_range,2020,2022,3,0.38844917858043954,-0.12094562797844106,-1.2094562797844106,-1.0081943762967915,0.7663031203399093,-10.081943762967915,7.663031203399093,0.3333333333333305,0.75,-0.1209456279784398,-1.209456279784398,244.85987853233343,-0.2418912559568796,0.0,-2.418912559568796,0.0
TAP,2020_2022,sca_detrended_range,2020,2022,3,0.44853212276734905,0.009279818415093705,0.09279818415093705,-0.7075886641075291,0.7261483009377165,-7.075886641075291,7.261483009377166,0.8962173726558972,0.026341372322304824,0.009279818415102142,0.09279818415102142,-18.338554288015715,-0.08844036316980214,0.10700000000000642,-0.8844036316980214,1.0700000000000642
WLG,2020_2022,sca_detrended_range,2020,2022,3,0.2917116989752013,-0.008500000000004731,-0.08500000000004732,-0.17917250851324926,0.1621725085132398,-1.7917250851324926,1.621725085132398,0.6408232144441495,0.2859410335977053,-0.008500000000001534,-0.08500000000001534,17.46245660445721,-0.0317652835632814,0.01476528356327833,-0.317652835632814,0.1476528356327833
ZEP,2020_2022,sca_detrended_range,2020,2022,3,0.4773563039259514,-0.11215119570084277,-1.1215119570084278,-1.5929000409248752,1.3685976495231897,-15.929000409248752,13.685976495231898,0.5122089185646145,0.4808269774064877,-0.11215119570085008,-1.1215119570085008,227.20220575011035,-0.31400000000000716,0.089697608598307,-3.1400000000000716,0.89697608598307
ALT,2020_2022,sca_harmonic,2020,2022,3,0.4276247867389182,0.0042176371393680655,0.042176371393680655,-1.5023954859247342,1.5108307602034703,-15.023954859247342,15.108307602034703,0.977365006218727,0.0012636229358197193,0.004217637139347918,0.042176371393479184,-8.027761704379499,-0.20115686537183058,0.20959213965052642,-2.0115686537183057,2.0959213965052643
AMY,2020_2022,sca_harmonic,2020,2022,3,0.39472781783044747,0.11288778729597258,1.1288778729597257,-0.04835010250372844,0.2741256770956736,-0.4835010250372844,2.7412567709567357,0.07126316627714693,0.9875217051759858,0.11288778729596269,1.128877872959627,-227.75881670736527,0.09090858713060068,0.1348669874613247,0.9090858713060068,1.3486698746132468
ASC,2020_2022,sca_harmonic,2020,2022,3,0.1090052242683639,-0.039395620094766555,-0.39395620094766554,-0.5519797488397695,0.4731885086502364,-5.519797488397695,4.731885086502364,0.5075495294290133,0.4881423386760919,-0.03939562009476905,-0.3939562009476905,79.75084446493223,-0.1092687075015959,0.030477467312057797,-1.092687075015959,0.304774673120578
BRW,2020_2022,sca_harmonic,2020,2022,3,0.4522840387635312,-0.014728264643797739,-0.1472826464379774,-1.9186252414082225,1.8891687121206269,-19.186252414082226,18.891687121206267,0.9376248975871309,0.009569123038811078,-0.014728264643821043,-0.14728264643821043,30.304617014595703,-0.27425865665335286,0.24480212736571078,-2.7425865665335287,2.448021273657108
CBA,2020_2022,sca_harmonic,2020,2022,3,0.414290191416225,-0.07655820387686953,-0.7655820387686952,-0.14268336431052364,-0.010433043443215426,-1.4268336431052364,-0.10433043443215426,0.043208747891996725,0.9954004416056219,-0.07655820387686213,-0.7655820387686213,155.14142485145786,-0.08557207858670979,-0.06754432916701447,-0.8557207858670979,-0.6754432916701447
CGO,2020_2022,sca_harmonic,2020,2022,3,0.18511788617119784,-0.04150508036299355,-0.4150508036299355,-0.15287014707340651,0.06985998634741943,-1.5287014707340651,0.6985998634741942,0.13248843766217075,0.9573109233174424,-0.041505080362990554,-0.41505080362990554,84.07194555597108,-0.05668584895092091,-0.0263243117750602,-0.566858489509209,-0.263243117750602
GMI,2020_2022,sca_harmonic,2020,2022,3,0.2399046929806501,-0.02335271522372176,-0.2335271522372176,-1.651637416208449,1.6049319857610054,-16.51637416208449,16.049319857610055,0.8852471627860363,0.032140891680002115,-0.02335271522374055,-0.2335271522374055,47.50972889577101,-0.2453129220558678,0.1986074916083867,-2.453129220558678,1.9860749160838669
KUM,2020_2022,sca_harmonic,2020,2022,3,0.27491663712817144,0.011448897299451801,0.11448897299451802,-0.5021164575868834,0.5250142521857869,-5.021164575868834,5.250142521857869,0.8242749568741271,0.07427609429610149,0.011448897299443844,0.11448897299443844,-22.839969190515678,-0.0585579462970392,0.08145574089592689,-0.585579462970392,0.8145574089592689
MEX,2020_2022,sca_harmonic,2020,2022,3,0.19695087646338208,0.009583398889170053,0.09583398889170053,-0.3410567968583219,0.360223594636662,-3.4105679685832193,3.60223594636662,0.7872128451606594,0.107620943910259,0.009583398889164443,0.09583398889164443,-19.15516573096715,-0.038214243823256805,0.05738104160158569,-0.38214243823256805,0.5738104160158569
MHD,2020_2022,sca_harmonic,2020,2022,3,0.3278513446997547,-0.01610326183835223,-0.16103261838352229,-1.1783052310636755,1.1460987073869708,-11.783052310636755,11.460987073869708,0.8890568907989531,0.03006349703727762,-0.016103261838365746,-0.16103261838365746,32.925352177989254,-0.1745292356953625,0.142322712018631,-1.745292356953625,1.42322712018631
MID,2020_2022,sca_harmonic,2020,2022,3,0.29705702752978624,-0.01643778896042722,-0.1643778896042722,-0.6519582088834206,0.6190826309625661,-6.5195820888342055,6.1908263096256615,0.7978560414043983,0.09748016081424948,-0.016437788960433797,-0.16437788960433797,33.54670558042124,-0.10306898052468041,0.07019340260381282,-1.030689805246804,0.7019340260381282
MLO,2020_2022,sca_harmonic,2020,2022,3,0.2517377539537306,-0.023799559217324264,-0.23799559217324265,-0.7220298322570091,0.6744307138223606,-7.220298322570091,6.744307138223606,0.7398073829143622,0.15794706804774172,-0.023799559217330846,-0.23799559217330846,48.38237343466111,-0.11897906666256619,0.0713799482279045,-1.189790666625662,0.713799482279045
NWR,2020_2022,sca_harmonic,2020,2022,3,0.26392555055293515,-0.05151962481616295,-0.5151962481616295,-0.6767976649238346,0.5737584152915088,-6.767976649238347,5.737584152915089,0.48540843374875053,0.5229123521277714,-0.05151962481616565,-0.5151962481616565,104.41349896999873,-0.1367546227412453,0.03371537310891401,-1.367546227412453,0.3371537310891401
SMO,2020_2022,sca_harmonic,2020,2022,3,0.11887855756241084,-0.092312447680311,-0.9231244768031099,-1.2741653527259906,1.0895404573653686,-12.741653527259906,10.895404573653686,0.5024093647321319,0.49621541486777554,-0.0923124476803166,-0.923124476803166,186.73603688553115,-0.253417145827048,0.0687922504664148,-2.53417145827048,0.687922504664148
SPO,2020_2022,sca_harmonic,2020,2022,3,0.19263681242204758,0.05252576692372337,0.5252576692372337,-0.23513388010359834,0.34018541395104507,-2.3513388010359835,3.4018541395104505,0.2590742871140761,0.8433321019945016,0.052525766923713996,0.52525766923714,-105.94886733144921,0.013313340059518786,0.0917381937879092,0.13313340059518786,0.9173819378790921
SUM,2020_2022,sca_harmonic,2020,2022,3,0.3901365245618395,-0.1440457170837037,-1.440457170837037,-1.209445819801366,0.9213543856339586,-12.09445819801366,9.213543856339586,0.3355958205861477,0.746915937360061,-0.14404571708370226,-1.4404571708370226,291.55494088174834,-0.2892761101563707,0.0011846759889662106,-2.8927611015637074,0.011846759889662106
TAP,2020_2022,sca_harmonic,2020,2022,3,0.3777074777444798,-0.002908567250318799,-0.02908567250318799,-0.6608212570957991,0.6550041225951614,-6.608212570957991,6.550041225951614,0.9642767755742292,0.003145467330737728,-0.0029085672503098015,-0.029085672503098015,6.226027356692284,-0.09259216903522355,0.08677503453460395,-0.9259216903522355,0.8677503453460395
WLG,2020_2022,sca_harmonic,2020,2022,3,0.28398481597874997,-0.0008166668088582968,-0.008166668088582968,-0.04874352935710023,0.047110195739383645,-0.48743529357100235,0.4711019573938364,0.8642594212482573,0.04477830860626408,-0.0008166668088588347,-0.008166668088588347,1.9366461591076936,-0.007349834084574902,0.005716500466857233,-0.07349834084574902,0.05716500466857233
ZEP,2020_2022,sca_harmonic,2020,2022,3,0.4603129411923918,-0.11089563175697895,-1.1089563175697894,-1.8498452787033863,1.6280540151894285,-18.498452787033862,16.280540151894286,0.5664701662142451,0.39634609155975653,-0.1108956317569898,-1.108956317569898,224.65939990147268,-0.34794116996874785,0.12614990645476826,-3.4794116996874784,1.2614990645476825
ALT,2020_2022,sca_raw_range,2020,2022,3,0.48099999999999926,-0.005999999999984769,-0.05999999999984769,-1.238436361767884,1.2264363617679146,-12.38436361767884,12.264363617679146,0.9606694800044797,0.003811944091486996,-0.006000000000000227,-0.060000000000002274,12.663000000000459,-0.1739999999999995,0.16199999999999903,-1.7399999999999949,1.6199999999999903
AMY,2020_2022,sca_raw_range,2020,2022,3,0.49400000000000216,0.12250000000000774,1.2250000000000774,-0.46070649262232666,0.7057064926223421,-4.607064926223266,7.057064926223421,0.22822664986550162,0.8768918366154344,0.1225000000000023,1.225000000000023,-247.10500000000465,0.04299999999999926,0.20200000000000534,0.4299999999999926,2.0200000000000533
ASC,2020_2022,sca_raw_range,2020,2022,3,0.16033333333333624,-0.03499999999999824,-0.34999999999998244,-0.4678199127637345,0.397819912763738,-4.678199127637345,3.9781991276373803,0.49136952422732283,0.513555058692,-0.035000000000000156,-0.35000000000000153,70.9150000000003,-0.09400000000000121,0.024000000000000896,-0.940000000000012,0.24000000000000896
BRW,2020_2022,sca_raw_range,2020,2022,3,0.5223333333333334,-0.03149999999997476,-0.31499999999974765,-2.0378770532352135,1.9748770532352642,-20.378770532352135,19.74877053235264,0.8746483500904123,0.038271898584421926,-0.03149999999999764,-0.3149999999999764,64.27499999999523,-0.3049999999999926,0.24199999999999733,-3.049999999999926,2.4199999999999733
CBA,2020_2022,sca_raw_range,2020,2022,3,0.4759999999999991,-0.12150000000001182,-1.2150000000001182,-0.22053506478483184,-0.0224649352151918,-2.2053506478483182,-0.224649352151918,0.04078329453678912,0.9959016393442705,-0.1214999999999975,-1.214999999999975,246.02299999999494,-0.13499999999999795,-0.10799999999999704,-1.3499999999999797,-1.0799999999999703
CGO,2020_2022,sca_raw_range,2020,2022,3,0.20333333333333548,-0.05750000000000653,-0.5750000000000653,-0.10518354971131011,-0.009816450288702962,-1.051835497113101,-0.09816450288702962,0.041490579551086655,0.995758457986138,-0.05750000000000098,-0.5750000000000098,116.41300000000199,-0.06400000000000716,-0.0509999999999948,-0.6400000000000716,-0.509999999999948
GMI,2020_2022,sca_raw_range,2020,2022,3,0.2819999999999964,0.0275000000000283,0.275000000000283,-1.9201896074367197,1.9751896074367763,-19.2018960743672,19.751896074367764,0.8869909175916105,0.03118170947926524,0.02749999999999983,0.2749999999999983,-55.20699999999966,-0.2379999999999996,0.29299999999999926,-2.379999999999996,2.9299999999999926
KUM,2020_2022,sca_raw_range,2020,2022,3,0.30799999999999744,0.028500000000007037,0.28500000000007036,-0.466675323924564,0.523675323924578,-4.66675323924564,5.236753239245781,0.5980178811645414,0.3484555984556341,0.0284999999999975,0.284999999999975,-57.26799999999495,-0.03900000000000148,0.09599999999999648,-0.3900000000000148,0.9599999999999648
MEX,2020_2022,sca_raw_range,2020,2022,3,0.2756666666666636,-0.04199999999999352,-0.4199999999999352,-0.7315774881321224,0.6475774881321354,-7.315774881321224,6.475774881321355,0.5807098868325815,0.3745753114381385,-0.04199999999999804,-0.4199999999999804,85.18899999999603,-0.13600000000000279,0.05200000000000671,-1.3600000000000279,0.5200000000000671
MHD,2020_2022,sca_raw_range,2020,2022,3,0.3639999999999972,-0.0129999999999875,-0.129999999999875,-1.201420777419005,1.1754207774190302,-12.014207774190051,11.754207774190302,0.9120784049667714,0.018952562521033167,-0.013000000000001705,-0.13000000000001705,26.69100000000344,-0.17499999999999716,0.14899999999999375,-1.7499999999999716,1.4899999999999376
MID,2020_2022,sca_raw_range,2020,2022,3,0.36233333333333445,0.0010000000000136744,0.010000000000136743,-0.6739056266824015,0.6759056266824288,-6.739056266824015,6.759056266824288,0.9880160049744268,0.00035431675918617955,0.001000000000004747,0.010000000000047471,-1.6280000000095933,-0.09099999999999403,0.09300000000000352,-0.9099999999999403,0.9300000000000352
MLO,2020_2022,sca_raw_range,2020,2022,3,0.2826666666666687,-0.015999999999991205,-0.15999999999991205,-0.6835696959576141,0.6515696959576316,-6.835696959576141,6.5156969595763155,0.8118066513029711,0.08487125649241156,-0.015999999999998266,-0.15999999999998266,32.6489999999965,-0.10699999999999932,0.07500000000000279,-1.0699999999999932,0.7500000000000279
NWR,2020_2022,sca_raw_range,2020,2022,3,0.3023333333333321,-0.0239999999999937,-0.23999999999993699,-0.7649290032056917,0.7169290032057043,-7.649290032056917,7.169290032057043,0.7514343237833895,0.14485707100344847,-0.024000000000000882,-0.24000000000000882,48.84000000000178,-0.12499999999999997,0.07699999999999821,-1.2499999999999998,0.769999999999982
SMO,2020_2022,sca_raw_range,2020,2022,3,0.15133333333333351,-0.06849999999999018,-0.6849999999999018,-1.392635495827918,1.2556354958279374,-13.926354958279179,12.556354958279375,0.6298050455493835,0.30170713933611193,-0.06850000000000024,-0.6850000000000024,138.6500000000005,-0.24900000000000228,0.11200000000000179,-2.490000000000023,1.1200000000000179
SPO,2020_2022,sca_raw_range,2020,2022,3,0.20700000000000074,0.0355000000000075,0.355000000000075,-0.3276285708781016,0.39862857087811665,-3.2762857087810158,3.9862857087811667,0.4315041732849423,0.6067645642752524,0.03549999999999895,0.3549999999999895,-71.52199999999787,-0.014000000000002899,0.0850000000000008,-0.140000000000029,0.850000000000008
SUM,2020_2022,sca_raw_range,2020,2022,3,0.4066666666666663,-0.12550000000000022,-1.2550000000000021,-1.0461593059634116,0.7951593059634112,-10.461593059634115,7.951593059634112,0.3333333333332991,0.7500000000000566,-0.12549999999999883,-1.2549999999999883,254.08399999999764,-0.25099999999999767,0.0,-2.5099999999999767,0.0
TAP,2020_2022,sca_raw_range,2020,2022,3,0.46000000000000085,0.005499999999993105,0.05499999999993105,-0.6657376613200259,0.676737661320012,-6.657376613200259,6.7673766132001205,0.9339579559362597,0.010723147819927448,0.005500000000001393,0.05500000000001393,-10.686000000002814,-0.08599999999999852,0.09700000000000131,-0.8599999999999852,0.9700000000000131
WLG,2020_2022,sca_raw_range,2020,2022,3,0.3063333333333346,-0.008500000000005597,-0.08500000000005598,-0.24691774855631443,0.22991774855630326,-2.4691774855631445,2.2991774855630327,0.7292174809565026,0.17026708562453807,-0.008500000000001506,-0.08500000000001506,17.474000000003045,-0.04100000000000392,0.02400000000000091,-0.4100000000000392,0.2400000000000091
ZEP,2020_2022,sca_raw_range,2020,2022,3,0.49166666666666714,-0.1104999999999906,-1.104999999999906,-1.603361902498575,1.3823619024985936,-16.03361902498575,13.823619024985936,0.5195142744695663,0.4693662468126989,-0.11049999999999827,-1.1049999999999827,223.8799999999965,-0.3140000000000072,0.09300000000001069,-3.140000000000072,0.9300000000001069
