site,year,n_months,n_quarters,first_month,last_month,usable,sca_raw_range,sca_detrended_range,sca_harmonic
ALT,2000,5,2,8,12,False,0.11299999999999955,0.10872543868742213,0.36422660460061196
ALT,2001,8,3,1,12,True,0.39000000000000057,0.37931359671855347,0.2462389248851109
ALT,2002,12,4,1,12,True,0.4209999999999994,0.41245087737484454,0.3280151710112856
ALT,2003,12,4,1,12,True,0.36299999999999955,0.3544508773748447,0.26144070039601935
ALT,2004,10,4,1,10,True,0.42600000000000193,0.4174508773748471,0.380951473397573
ALT,2005,5,2,4,8,False,0.23700000000000188,0.2305881580311393,0.4929410407610528
ALT,2006,12,4,1,12,True,0.43599999999999994,0.4274508773748451,0.39484095453906887
ALT,2007,12,4,1,12,True,0.6109999999999971,0.6024508773748423,0.4912340687728203
ALT,2008,12,4,1,12,True,0.554000000000002,0.543313596718562,0.5148972956177467
ALT,2009,12,4,1,12,True,0.4930000000000021,0.48445087737484727,0.3961409995718063
ALT,2010,12,4,1,12,True,0.40800000000000125,0.3994508773748464,0.3532511170501273
ALT,2011,12,4,1,12,True,0.5730000000000004,0.5634508773748408,0.5013497738614037
ALT,2012,12,4,1,12,True,0.38000000000000256,0.36931359671856256,0.35985096853635784
ALT,2013,12,4,1,12,True,0.28699999999999903,0.2754508773748441,0.26452487164346017
ALT,2014,12,4,1,12,True,0.43599999999999994,0.427450877374838,0.35770853921855755
ALT,2015,12,4,1,12,True,0.4889999999999972,0.4804508773748424,0.3892022455331736
ALT,2016,12,4,1,12,True,0.4230000000000018,0.414450877374847,0.350817908663075
ALT,2017,12,4,1,12,True,0.3509999999999991,0.34245087737484425,0.2705231568362791
ALT,2018,12,4,1,12,True,0.3620000000000019,0.35345087737485414,0.28417973163677956
ALT,2019,12,4,1,12,True,0.5019999999999953,0.4934508773748476,0.43600339844209246
ALT,2020,12,4,1,12,True,0.5429999999999993,0.5344508773748444,0.49186531710329645
ALT,2021,12,4,1,12,True,0.3689999999999998,0.36045087737484494,0.29070845173146587
ALT,2022,12,4,1,12,True,0.5309999999999988,0.522450877374844,0.5003005913819922
AMY,2013,1,1,12,12,False,0.0,0.0,
AMY,2014,12,4,1,12,True,0.5489999999999995,0.5661067278287462,0.25104999723799964
AMY,2015,12,4,1,12,True,0.5599999999999952,0.5143820591233563,0.42601540709320385
AMY,2016,12,4,1,12,True,0.3960000000000008,0.3731910295616814,0.32038340772886775
AMY,2017,12,4,1,12,True,0.5559999999999974,0.5321910295616519,0.4436111009453059
AMY,2018,12,4,1,12,True,0.3369999999999962,0.3084887869520756,0.2672596699816344
AMY,2019,12,4,1,12,True,0.5500000000000043,0.5157865443425393,0.5040312403128359
AMY,2020,12,4,1,12,True,0.34499999999999886,0.29938205912336,0.27451363047936417
AMY,2021,12,4,1,12,True,0.5470000000000041,0.5241910295616847,0.4093806179406888
AMY,2022,12,4,1,12,True,0.5900000000000034,0.567191029561684,0.5002892050712895
ASC,2000,3,1,10,12,False,0.07199999999999562,0.07649215092034467,0.15298430184069645
ASC,2001,5,2,1,5,False,0.16899999999999693,0.16001569815929884,0.2420049886391767
ASC,2002,10,4,3,12,True,0.11299999999999955,0.12447645276105845,0.117661353569217
ASC,2003,12,4,1,12,True,0.10900000000000176,0.1272146791415878,0.12371384688696153
ASC,2004,12,4,1,12,True,0.11999999999999744,0.12898430184070264,0.10050516626841993
ASC,2005,9,3,1,9,True,0.17900000000000205,0.1680156981592944,0.17233713096936745
ASC,2006,11,4,2,12,True,0.054999999999999716,0.07121467914159041,0.028678565635718755
ASC,2007,12,4,1,12,True,0.08599999999999852,0.10421467914159166,0.06757187277522479
ASC,2008,12,4,1,12,True,0.08200000000000074,0.08873822638052786,0.013413825063520577
ASC,2009,12,4,1,12,True,0.2289999999999992,0.21552354723893785,0.17746609603109767
ASC,2010,12,4,1,12,True,0.24099999999999966,0.22527747177876023,0.22297558635028278
ASC,2011,12,4,1,12,True,0.16599999999999682,0.15476962269911354,0.13714638719452935
ASC,2012,12,4,1,12,True,0.07000000000000028,0.07698430184070304,0.03747891928919036
ASC,2013,12,4,1,12,True,0.25199999999999534,0.2632303773008786,0.22667871192202058
ASC,2014,12,4,1,12,True,0.13400000000000034,0.12276962269912417,0.09169225578554611
ASC,2015,12,4,1,12,True,0.07900000000000063,0.09472252822122584,0.08183298101999258
ASC,2016,12,4,1,12,True,0.054999999999999716,0.06847645276105396,0.05630239423683196
ASC,2017,12,4,1,12,True,0.14500000000000313,0.12478532085842176,0.09126871441585842
ASC,2018,12,4,1,12,True,0.2779999999999987,0.2690156981592935,0.11371093250363544
ASC,2019,12,4,1,12,True,0.3100000000000023,0.298769622699119,0.2793386702979342
ASC,2020,12,4,1,12,True,0.2150000000000034,0.20376962269912013,0.17169187349874196
ASC,2021,12,4,1,12,True,0.12100000000000222,0.10078532085842085,0.062423165997146
ASC,2022,12,4,1,12,True,0.14500000000000313,0.12253924539824368,0.09290063330920381
AZR,2000,5,2,8,12,False,0.09100000000000108,0.09543352170494757,0.27717927401067055
AZR,2001,9,4,1,12,True,0.2259999999999991,0.21491619573762932,0.2093047292737534
AZR,2002,7,3,1,7,False,0.0870000000000033,0.09586704340990337,0.0990178811780872
AZR,2003,6,2,7,12,False,0.3410000000000011,0.3343497174425778,0.5462591150639872
AZR,2004,12,4,1,12,True,0.20199999999999818,0.19213295659009333,0.1880451574002112
AZR,2005,11,4,1,11,True,0.09199999999999875,0.08534971744256836,0.06214436861855728
AZR,2006,8,3,5,12,True,0.3359999999999985,0.32491619573762165,0.32879609352597094
AZR,2007,12,4,1,12,True,0.509999999999998,0.49891619573762824,0.45777144400119857
AZR,2008,12,4,1,12,True,0.5240000000000009,0.5151329565901079,0.4402108097462358
AZR,2009,12,4,1,12,True,0.24799999999999756,0.23913295659009037,0.17197623521822822
AZR,2010,2,1,1,2,False,0.08299999999999841,0.0852167608524752,
AZR,2011,4,2,4,11,False,0.26200000000000045,0.2509161957376236,0.2536267897604094
AZR,2012,8,3,5,12,True,0.38700000000000045,0.3759161957376236,0.366232661111276
AZR,2013,7,3,6,12,False,0.5,0.4911329565900928,0.5863164475615885
AZR,2014,12,4,1,12,True,0.30400000000000205,0.29734971744257876,0.2223904321091256
AZR,2015,12,4,1,12,True,0.40800000000000125,0.3969161957376244,0.354861990163923
AZR,2016,12,4,1,12,True,0.3299999999999983,0.3211329565900982,0.30296517132351275
AZR,2017,7,3,1,12,False,0.1390000000000029,0.12569943488515634,0.10652890943134367
AZR,2018,12,4,1,12,True,0.3569999999999993,0.34813295659009924,0.27660931655332666
AZR,2019,7,3,6,12,False,0.3999999999999986,0.3933497174425753,0.6240853220184668
AZR,2020,12,4,1,12,True,0.37700000000000244,0.3614826740326791,0.36862872790234824
AZR,2021,12,4,1,12,True,0.1599999999999966,0.1511329565900965,0.12431130288110405
AZR,2022,3,1,1,3,False,0.01099999999999568,0.013216760852472476,0.14259507159874502
BAL,2008,8,3,5,12,True,0.6159999999999997,0.5825488565488541,0.6301121920548652
BAL,2009,12,4,1,12,True,0.3780000000000001,0.35123908523910075,0.2832840794255123
BAL,2010,12,4,1,12,True,0.5619999999999976,0.5352390852390982,0.469250262871943
BAL,2011,6,2,1,6,False,0.12599999999999767,0.15276091476089704,0.22252815758570402
BHD,2009,8,4,3,10,True,0.15899999999999892,0.139211227418933,0.09928837247636053
BHD,2010,10,4,3,12,True,0.2850000000000037,0.2736921299536803,0.25653595953924896
BHD,2011,12,4,1,12,True,0.24099999999999966,0.22403819493051458,0.21590437815316377
BHD,2012,10,4,1,10,True,0.30100000000000193,0.27921122741891935,0.23918469971345588
BHD,2013,8,3,5,12,True,0.1490000000000009,0.15978877258105229,0.13512290665777912
BHD,2014,12,4,1,12,True,0.2010000000000005,0.18121122741893458,0.13382929674355853
BHD,2015,9,3,1,12,True,0.07600000000000051,0.07413483755790651,0.061193104845057814
BHD,2016,9,3,1,9,True,0.1010000000000062,0.08403819493052112,0.08077759064548096
BHD,2017,12,4,1,12,True,0.142000000000003,0.11938425990735624,0.10779345250072334
BHD,2018,12,4,1,12,True,0.18899999999999295,0.17369212995365757,0.13321914324986764
BHD,2019,3,2,7,12,False,0.11200000000000188,0.11482696751156851,0.5029247738277445
BHD,2020,12,4,1,12,True,0.14399999999999835,0.11938425990734913,0.08966468382257424
BHD,2021,6,3,1,10,False,0.2919999999999945,0.2702112274189332,0.2713231590638057
BHD,2022,10,4,3,12,True,0.29999999999999716,0.28869212995367377,0.2884148341764087
BRW,1998,12,4,1,12,True,0.6589999999999989,0.651513177482812,0.5936432696994967
BRW,1999,12,4,1,12,True,0.5810000000000031,0.5716414718535248,0.5031551917910054
BRW,2000,12,4,1,12,True,0.48699999999999477,0.47951317748280786,0.3420844069729935
BRW,2001,6,3,1,12,False,0.25200000000000244,0.23141123807774733,0.2860151832993622
BRW,2002,12,4,1,12,True,0.3859999999999957,0.37851317748280877,0.2579612725505563
BRW,2003,12,4,1,12,True,0.33800000000000097,0.33051317748281406,0.2265208634119032
BRW,2004,12,4,1,12,True,0.4070000000000036,0.3995131774828167,0.36580415253720927
BRW,2005,10,4,1,10,True,0.605000000000004,0.5956414718535257,0.5939500760683976
BRW,2006,11,4,2,12,True,0.44299999999999784,0.43551317748281093,0.38203174098908393
BRW,2007,12,4,1,12,True,0.6829999999999998,0.6755131774828058,0.5497553441037865
BRW,2008,12,4,1,12,True,0.6110000000000042,0.5997697662242274,0.5683027991627648
BRW,2009,12,4,1,12,True,0.5289999999999964,0.5215131774828095,0.45493720116185526
BRW,2010,12,4,1,12,True,0.47799999999999443,0.4705131774828075,0.4302284755344624
BRW,2011,12,4,1,12,True,0.6480000000000032,0.6386414718535249,0.567083932466357
BRW,2012,12,4,1,12,True,0.544000000000004,0.5365131774828242,0.46244717965248355
BRW,2013,12,4,1,12,True,0.24799999999999756,0.23676976622422075,0.22399034206964158
BRW,2014,12,4,1,12,True,0.49500000000000455,0.48564147185351914,0.42186144606464226
BRW,2015,12,4,1,12,True,0.5500000000000043,0.5406414718535189,0.47260214983134874
BRW,2016,12,4,1,12,True,0.554000000000002,0.5446414718535166,0.4950095387733328
BRW,2017,12,4,1,12,True,0.5140000000000029,0.506513177482816,0.4001071589161408
BRW,2018,12,4,1,12,True,0.4520000000000053,0.4445131774828184,0.38746886102000955
BRW,2019,12,4,1,12,True,0.6209999999999951,0.6135131774828153,0.5584448465293134
BRW,2020,12,4,1,12,True,0.644999999999996,0.6375131774828091,0.5535224340771961
BRW,2021,12,4,1,12,True,0.3400000000000034,0.3325131774828165,0.27926377742384334
BRW,2022,12,4,1,12,True,0.5820000000000007,0.5726414718535153,0.5240659047895541
CBA,2008,3,1,10,12,False,0.17900000000000205,0.18475647861305333,0.4993578593786784
CBA,2009,12,4,1,12,True,0.46300000000000097,0.4514870427738842,0.3377369665879965
CBA,2010,12,4,1,12,True,0.4480000000000004,0.4364870427738836,0.3171216490449617
CBA,2011,12,4,1,12,True,0.5279999999999987,0.5164870427738819,0.4390808350042529
CBA,2012,11,4,1,11,True,0.4959999999999951,0.48448704277387833,0.45315951132326854
CBA,2013,6,2,7,12,False,0.43599999999999994,0.4273652820804088,0.9021224920965861
CBA,2014,12,4,1,12,True,0.4380000000000024,0.4264870427738856,0.39655668333143806
CBA,2015,12,4,1,12,True,0.40500000000000114,0.39348704277389857,0.3341654252370504
CBA,2016,12,4,1,12,True,0.4089999999999989,0.3974870427738679,0.34045382844136013
CBA,2017,12,4,1,12,True,0.5040000000000049,0.4924870427738881,0.3644762097529936
CBA,2018,12,4,1,12,True,0.45700000000000074,0.44548704277386975,0.38634085605032675
CBA,2019,12,4,1,12,True,0.6610000000000014,0.6494870427738846,0.5794068064281704
CBA,2020,12,4,1,12,True,0.5929999999999964,0.5814870427738796,0.4938530201963697
CBA,2021,12,4,1,12,True,0.48499999999999943,0.47348704277388265,0.40828094160965994
CBA,2022,12,4,1,12,True,0.3500000000000014,0.3364870427739035,0.3407366124426454
CGO,1998,12,4,1,12,True,0.2889999999999944,0.28048127531288003,0.28205479319459653
CGO,1999,12,4,1,12,True,0.07000000000000028,0.06451872468711173,0.053770915503893506
CGO,2000,12,4,1,12,True,0.17899999999999494,0.18651872468711872,0.1290501669265546
CGO,2001,1,1,1,1,False,0.0,0.0,
CGO,2002,12,4,1,12,True,0.2959999999999994,0.301639043515344,0.12657007946340423
CGO,2003,12,4,1,12,True,0.18999999999999773,0.17120318828219183,0.04445074486019881
CGO,2004,12,4,1,12,True,0.13700000000000045,0.14263904351534507,0.10599488076721926
CGO,2005,8,4,1,12,True,0.3049999999999997,0.29648127531287827,0.30277595066152246
CGO,2006,12,4,1,12,True,0.14699999999999847,0.131962550625758,0.08176585041833986
CGO,2007,12,4,1,12,True,0.1290000000000049,0.14403744937425245,0.0938963138222265
CGO,2008,12,4,1,12,True,0.375,0.36560159414108995,0.35645269957343756
CGO,2009,12,4,1,12,True,0.1630000000000038,0.1517219129693146,0.15910045061505274
CGO,2010,12,4,1,12,True,0.15099999999999625,0.14348127531287247,0.11176555650981969
CGO,2011,9,4,1,12,True,0.17200000000000415,0.16072191296931493,0.11332965971425518
CGO,2012,12,4,1,12,True,0.3160000000000025,0.3093609564846602,0.20596479350729022
CGO,2013,9,4,1,12,True,0.21800000000000352,0.22339840585890158,0.14540047130613473
CGO,2014,12,4,1,12,True,0.2710000000000008,0.26160159414109785,0.2417525878405261
CGO,2015,12,4,1,12,True,0.14000000000000057,0.1324812753128768,0.09831363290898502
CGO,2016,12,4,1,12,True,0.08100000000000307,0.07160159414109302,0.06730518820016222
CGO,2017,12,4,1,12,True,0.16499999999999915,0.15272191296931226,0.16173578351497575
CGO,2018,12,4,1,12,True,0.13799999999999812,0.11820318828218745,0.09114853558643386
CGO,2019,12,4,1,12,True,0.42200000000000415,0.43327808703068627,0.3845414190761528
CGO,2020,12,4,1,12,True,0.26300000000000523,0.24796255062575767,0.23168322273016523
CGO,2021,12,4,1,12,True,0.19899999999999807,0.1839625506257505,0.17499737377924438
CGO,2022,12,4,1,12,True,0.14800000000000324,0.13572191296931635,0.14867306200418415
EIC,2015,1,1,12,12,False,0.0,0.0,
EIC,2016,12,4,1,12,True,0.09900000000000375,0.09527666985265881,0.08393345254657134
EIC,2017,8,3,1,12,True,0.17900000000000205,0.12559132632414105,0.11357591685354275
EIC,2018,8,3,1,12,True,0.15000000000000568,0.1985533397053416,0.15157433128177672
EIC,2019,6,3,1,9,False,0.1490000000000009,0.12472333014733294,0.11950325963819856
GMI,2016,6,3,1,12,False,0.22000000000000597,0.1916806014462722,0.17524924418470914
GMI,2017,6,2,1,6,False,0.20199999999999818,0.22559949879475028,0.21992774475571214
GMI,2018,12,4,1,12,True,0.18599999999999994,0.215039298312675,0.14038144474034697
GMI,2019,12,4,1,12,True,0.42199999999999704,0.39368060144626327,0.3761909776462698
GMI,2020,12,4,1,12,True,0.3429999999999964,0.31468060144626264,0.3372441438150997
GMI,2021,9,3,1,9,True,0.10499999999999687,0.09556020048210456,0.09193122175923195
GMI,2022,12,4,1,12,True,0.39799999999999613,0.37440050120522983,0.29053871336761866
KUM,1999,12,4,1,12,True,0.2530000000000001,0.24043570697377703,0.2291761844233635
KUM,2000,12,4,1,12,True,0.14699999999999847,0.15085476434206413,0.06084953216458726
KUM,2001,1,1,1,1,False,0.0,0.0,
KUM,2002,12,4,1,12,True,0.2980000000000018,0.3076369108551802,0.2679529152832626
KUM,2003,12,4,1,12,True,0.2849999999999966,0.27729047131584394,0.23125059625801947
KUM,2004,12,4,1,12,True,0.21000000000000085,0.20036308914481538,0.18926930027227307
KUM,2005,9,3,1,9,True,0.21000000000000085,0.20229047131586242,0.2019585279521928
KUM,2006,11,4,2,12,True,0.17499999999999716,0.1757095286841377,0.14465893887733394
KUM,2007,9,4,1,12,True,0.2469999999999999,0.23543570697378158,0.1949619830789573
KUM,2008,12,4,1,12,True,0.33500000000000085,0.3272904713158624,0.2755483801845684
KUM,2009,12,4,1,12,True,0.28300000000000125,0.2752904713158557,0.23701655850170136
KUM,2010,12,4,1,12,True,0.259999999999998,0.25229047131585247,0.22797237077658478
KUM,2011,12,4,1,12,True,0.277000000000001,0.2692904713158484,0.1959855031876615
KUM,2012,12,4,1,12,True,0.22400000000000375,0.2317095286841564,0.2063992482891672
KUM,2013,12,4,1,12,True,0.26500000000000057,0.25729047131586213,0.16155054445301759
KUM,2014,12,4,1,12,True,0.28600000000000136,0.2763630891448159,0.24211658637475691
KUM,2015,12,4,1,12,True,0.15800000000000125,0.1502904713158557,0.14075257817704925
KUM,2016,12,4,1,12,True,0.24499999999999744,0.23536308914481907,0.20681426687236212
KUM,2017,12,4,1,12,True,0.2749999999999986,0.2653630891448131,0.23804812850859997
KUM,2018,12,4,1,12,True,0.20700000000000074,0.1992904713158552,0.16407541302212506
KUM,2019,12,4,1,12,True,0.48499999999999943,0.4772904713158539,0.42997924935867116
KUM,2020,12,4,1,12,True,0.3019999999999996,0.2904357069737884,0.28680335436088866
KUM,2021,12,4,1,12,True,0.2629999999999981,0.25336308914481265,0.2282454080638494
KUM,2022,12,4,1,12,True,0.35899999999999466,0.3493630891448092,0.3097011489597763
LLB,2008,12,4,1,12,True,1.418999999999997,1.4319476467477443,1.12843274554463
LLB,2009,12,4,1,12,True,0.8719999999999999,0.8525785298783717,0.8663023040073725
LLB,2010,12,4,1,12,True,1.0859999999999985,1.0957107350608197,0.7329778459982796
LLB,2011,12,4,1,12,True,0.6089999999999947,0.5895785298783665,0.41475688020988305
LLB,2012,12,4,1,12,True,1.1379999999999981,1.1088677948175487,0.8798329817710532
LLB,2013,1,1,1,1,False,0.0,0.0,
MEX,2009,12,4,1,12,True,0.2469999999999999,0.22769756145400777,0.211438930322361
MEX,2010,12,4,1,12,True,0.1869999999999976,0.17091463454499944,0.17663438052897398
MEX,2011,12,4,1,12,True,0.277000000000001,0.264131707636011,0.20088806996797892
MEX,2012,9,3,4,12,True,0.14999999999999858,0.15965121927299464,0.08402668265625014
MEX,2013,12,4,1,12,True,0.2010000000000005,0.18613170763600806,0.18217298109101393
MEX,2014,12,4,1,12,True,0.13799999999999812,0.12191463454499996,0.1162436150888548
MEX,2015,12,4,1,12,True,0.13400000000000034,0.13065121927298406,0.10056221486232847
MEX,2016,12,4,1,12,True,0.20199999999999818,0.185914634545,0.1653804358805871
MEX,2017,12,4,1,12,True,0.20000000000000284,0.18513170763599618,0.18045401451930404
MEX,2018,12,4,1,12,True,0.13100000000000023,0.1243024385459961,0.10205910827964226
MEX,2019,12,4,1,12,True,0.382000000000005,0.36591463454502104,0.3390748762247636
MEX,2020,9,4,1,12,True,0.34899999999999665,0.3329146345449985,0.20330002514502474
MEX,2021,12,4,1,12,True,0.21299999999999386,0.1904804883630078,0.16508578132176796
MEX,2022,12,4,1,12,True,0.26500000000000057,0.2511317076359987,0.22246682292335362
MHD,1999,1,1,1,1,False,0.0,0.0,
MHD,2000,4,2,9,12,False,0.1559999999999988,0.1509472404460226,0.7871139919011934
MHD,2001,2,2,1,5,False,0.20300000000000296,0.21310551910794118,
MHD,2002,1,1,5,5,False,0.0,0.0,
MHD,2003,9,3,4,12,True,0.26599999999999824,0.2558944808920529,0.17725559341338984
MHD,2004,12,4,1,12,True,0.3440000000000012,0.33136810111506776,0.3006377276615116
MHD,2005,9,3,1,9,True,0.23899999999999721,0.21878896178411367,0.11873885189751804
MHD,2006,12,4,1,12,True,0.21800000000000352,0.2053681011150701,0.1668837572126595
MHD,2007,9,4,1,12,True,0.35199999999999676,0.3393681011150633,0.3268045860441782
MHD,2008,12,4,1,12,True,0.2809999999999988,0.2708944808920606,0.2407325595284152
MHD,2009,12,4,1,12,True,0.39399999999999835,0.38642086066904113,0.23451025070297
MHD,2010,12,4,1,12,True,0.392000000000003,0.36926258200713136,0.17381422465226642
MHD,2011,12,4,1,12,True,0.39799999999999613,0.3878944808920437,0.3362604094934576
MHD,2012,12,4,1,12,True,0.3269999999999982,0.31689448089205285,0.27490009677152955
MHD,2013,12,4,1,12,True,0.35199999999999676,0.3368417213380823,0.311648364154517
MHD,2014,12,4,1,12,True,0.3269999999999982,0.31689448089205285,0.2532277606414541
MHD,2015,12,4,1,12,True,0.42600000000000193,0.4133681011150685,0.3722924696802215
MHD,2016,12,4,1,12,True,0.2749999999999986,0.2638944808920556,0.23694514644859999
MHD,2017,12,4,1,12,True,0.32500000000000284,0.3148944808920575,0.2533527465997341
MHD,2018,12,4,1,12,True,0.24200000000000443,0.2344208606690401,0.15725017243041886
MHD,2019,12,4,1,12,True,0.46300000000000097,0.44784172133808653,0.4354531313958992
MHD,2020,12,4,1,12,True,0.4309999999999974,0.42089448089204495,0.39676326449045274
MHD,2021,12,4,1,12,True,0.2560000000000002,0.2458944808920549,0.2222340287950902
MHD,2022,12,4,1,12,True,0.40499999999999403,0.3923681011150606,0.36455674081372125
MID,2015,1,1,12,12,False,0.0,0.0,
MID,2016,12,4,1,12,True,0.3570000000000064,0.3370619894469584,0.31646578321117297
MID,2017,12,4,1,12,True,0.3810000000000002,0.361061989446938,0.2929380737328888
MID,2018,12,4,1,12,True,0.2119999999999962,0.19704649208519953,0.15204257215988806
MID,2019,12,4,1,12,True,0.5499999999999972,0.530061989446935,0.42951525513334265
MID,2020,12,4,1,12,True,0.3919999999999959,0.3720619894469337,0.34237188034496896
MID,2021,12,4,1,12,True,0.30100000000000193,0.27607748680867417,0.23930289982028857
MID,2022,12,4,1,12,True,0.39400000000000546,0.37406198944695745,0.3094963024241013
MLO,1998,12,4,1,12,True,0.25500000000000256,0.24583148151036482,0.21113854710677318
MLO,1999,12,4,1,12,True,0.2710000000000008,0.26183148151035596,0.2510518536265184
MLO,2000,12,4,1,12,True,0.13000000000000256,0.11533037041657224,0.08506868401032584
MLO,2001,5,2,1,5,False,0.02300000000000324,0.030334814791714848,0.03570993090473445
MLO,2002,9,3,4,12,True,0.1980000000000004,0.18699777781242943,0.17579049574396438
MLO,2003,12,4,1,12,True,0.10000000000000142,0.10733481479172013,0.08113223323185192
MLO,2004,12,4,1,12,True,0.1980000000000004,0.1906651852082888,0.1796271072647245
MLO,2005,10,4,1,10,True,0.18299999999999983,0.17199777781242886,0.1635722910483417
MLO,2006,10,4,3,12,True,0.15799999999999415,0.14699777781242318,0.13492965602306767
MLO,2007,12,4,1,12,True,0.2680000000000007,0.25883148151035584,0.23372710210105674
MLO,2008,12,4,1,12,True,0.3990000000000009,0.39249888890621065,0.32398784276816184
MLO,2009,12,4,1,12,True,0.2290000000000063,0.21083148151036113,0.15120594927984454
MLO,2010,12,4,1,12,True,0.2540000000000049,0.24299777781243392,0.2298836216680108
MLO,2011,12,4,1,12,True,0.24199999999999733,0.23099777781242636,0.21826370918877636
MLO,2012,12,4,1,12,True,0.20299999999999585,0.21216851848963358,0.1676598001098115
MLO,2013,12,4,1,12,True,0.29000000000000625,0.2808314815103685,0.24869368982919648
MLO,2014,12,4,1,12,True,0.2049999999999983,0.19583148151035346,0.1840517323290794
MLO,2015,12,4,1,12,True,0.17500000000000426,0.16766518520828555,0.15315464683654353
MLO,2016,12,4,1,12,True,0.22800000000000153,0.21966518520828515,0.1936104474018756
MLO,2017,12,4,1,12,True,0.25800000000000267,0.25066518520829106,0.2051078627234958
MLO,2018,12,4,1,12,True,0.13799999999999812,0.12699777781242716,0.1213205790879241
MLO,2019,12,4,1,12,True,0.45599999999999596,0.4468314815103511,0.39459292091580417
MLO,2020,12,4,1,12,True,0.3290000000000006,0.31799777781242966,0.30726381565280664
MLO,2021,12,4,1,12,True,0.2220000000000013,0.21283148151035647,0.18828474899024047
MLO,2022,12,4,1,12,True,0.29700000000000415,0.2878314815103593,0.25966469721814495
NWR,1998,12,4,1,12,True,0.36299999999999955,0.3553990555848756,0.295008463061117
NWR,1999,12,4,1,12,True,0.355000000000004,0.34739905558487294,0.2592307430093512
NWR,2000,12,4,1,12,True,0.10300000000000153,0.09729929168865681,0.050817423860788406
NWR,2001,6,2,1,6,False,0.17499999999999716,0.1826009444151211,0.25930876014805615
NWR,2002,10,4,3,12,True,0.259999999999998,0.25049881948109487,0.2365435426422629
NWR,2003,12,4,1,12,True,0.2780000000000058,0.27039905558488186,0.21395687802284893
NWR,2004,12,4,1,12,True,0.2469999999999999,0.23559858337731754,0.22867160809192355
NWR,2005,12,4,1,12,True,0.13500000000000512,0.12359858337732277,0.1090724552162966
NWR,2006,12,4,1,12,True,0.28699999999999903,0.2793990555848751,0.22398459006024984
NWR,2007,12,4,1,12,True,0.21599999999999397,0.20839905558487004,0.13781320258717591
NWR,2008,12,4,1,12,True,0.4350000000000023,0.4445011805188983,0.4077418805416933
NWR,2009,12,4,1,12,True,0.25900000000000034,0.2513990555848693,0.200424364720134
NWR,2010,12,4,1,12,True,0.15200000000000102,0.1443990555848842,0.0684272830856128
NWR,2011,12,4,1,12,True,0.2330000000000041,0.2284014166226953,0.20547028138665452
NWR,2012,12,4,1,12,True,0.2629999999999981,0.2553990555848742,0.20503271834769024
NWR,2013,9,4,1,12,True,0.1700000000000017,0.16429929168865698,0.09362838210597539
NWR,2014,12,4,1,12,True,0.232999999999997,0.22729929168865226,0.1813197882515595
NWR,2015,12,4,1,12,True,0.23799999999999955,0.2265985833773172,0.20437296105523933
NWR,2016,12,4,1,12,True,0.2680000000000007,0.25849881948109044,0.2518091367846359
NWR,2017,12,4,1,12,True,0.24199999999999733,0.2343990555848734,0.21503284837974398
NWR,2018,12,4,1,12,True,0.2989999999999995,0.28949881948109635,0.2278237058353672
NWR,2019,9,4,1,12,True,0.37999999999999545,0.3723990555848644,0.3809982932488167
NWR,2020,12,4,1,12,True,0.35999999999999943,0.3504988194810963,0.34385684134412736
NWR,2021,12,4,1,12,True,0.23499999999999943,0.2254988194810963,0.20710221860288205
NWR,2022,12,4,1,12,True,0.3119999999999976,0.29869834727353606,0.24081759171179606
SMO,1998,12,4,1,12,True,0.22399999999999665,0.2113145632501272,0.20974014762363552
SMO,1999,12,4,1,12,True,0.10999999999999943,0.12268543674986176,0.10160458926415211
SMO,2000,12,4,1,12,True,0.09100000000000108,0.08556338425005805,0.06386862920129634
SMO,2001,2,1,1,2,False,0.0020000000000024443,0.0038122052499787173,
SMO,2002,12,4,1,12,True,0.07399999999999807,0.05962441049994993,0.06451919236836828
SMO,2003,12,4,1,12,True,0.1559999999999988,0.16687323149988487,0.16252095249982376
SMO,2004,12,4,1,12,True,0.08299999999999841,0.09206102624990109,0.06869471834602815
SMO,2005,9,3,1,9,True,0.20300000000000296,0.19393897375010027,0.18943629923043895
SMO,2006,11,4,2,12,True,0.09100000000000108,0.10368543674986341,0.0775260720269895
SMO,2007,12,4,1,12,True,0.09700000000000131,0.09156338425005828,0.04715476133144977
SMO,2008,12,4,1,12,True,0.20299999999999585,0.21206102624989853,0.19220533784551624
SMO,2009,12,4,1,12,True,0.054999999999999716,0.0713098472498217,0.04322877778732043
SMO,2010,12,4,1,12,True,0.14699999999999847,0.13793897375009578,0.1204985651434134
SMO,2011,12,4,1,12,True,0.06199999999999761,0.05012676850011388,0.042141230794500564
SMO,2012,12,4,1,12,True,0.10500000000000398,0.11406102624990666,0.08831780600421121
SMO,2013,12,4,1,12,True,0.1039999999999992,0.09856338425005617,0.057497775900326134
SMO,2014,12,4,1,12,True,0.06199999999999761,0.06924882099991692,0.03854490397261976
SMO,2015,12,4,1,12,True,0.1109999999999971,0.11643661574993303,0.042274955322929755
SMO,2016,12,4,1,12,True,0.06700000000000017,0.05131456325013062,0.024053474406853997
SMO,2017,12,4,1,12,True,0.045000000000001705,0.032624410499970224,0.020004433210761632
SMO,2018,12,4,1,12,True,0.07100000000000506,0.07824882099993147,0.06207682907939469
SMO,2019,12,4,1,12,True,0.27300000000000324,0.2585023580001504,0.2370717426974438
SMO,2020,12,4,1,12,True,0.28000000000000114,0.26369015275017205,0.26489257129163796
SMO,2021,12,4,1,12,True,0.030999999999998806,0.024563384250058107,0.011475425464589975
SMO,2022,12,4,1,12,True,0.14300000000000068,0.12306574225021905,0.08026767593100474
SPO,1998,12,4,1,12,True,0.17600000000000193,0.16309268931737364,0.15119034688425642
SPO,1999,12,4,1,12,True,0.08899999999999864,0.06871708321300218,0.03280455845117003
SPO,2000,12,4,1,12,True,0.1599999999999966,0.16553170457827093,0.07157182370691503
SPO,2001,5,2,8,12,False,0.0519999999999996,0.059375606104360656,0.08303371797658034
SPO,2002,12,4,1,12,True,0.15199999999999392,0.14278049236953905,0.13113619956337144
SPO,2003,12,4,1,12,True,0.12199999999999989,0.12937560610436094,0.1066040404043379
SPO,2004,12,4,1,12,True,0.13599999999999568,0.12493659084344699,0.12889965302506154
SPO,2005,2,1,1,2,False,0.018000000000000682,0.0198439015260945,
SPO,2006,12,4,1,12,True,0.1980000000000004,0.1850926893173721,0.16657454704408323
SPO,2007,12,4,1,12,True,0.14000000000000057,0.14737560610436162,0.10720546705647005
SPO,2008,12,4,1,12,True,0.35999999999999943,0.3673756061043605,0.2421594774666863
SPO,2009,12,4,1,12,True,0.1529999999999987,0.14378049236954382,0.13247713966594193
SPO,2010,12,4,1,12,True,0.19200000000000017,0.1809365908434586,0.183547514597208
SPO,2011,12,4,1,12,True,0.2669999999999959,0.2559365908434543,0.259340887056707
SPO,2012,12,4,1,12,True,0.13799999999999812,0.1214048862651893,0.09315338192539642
SPO,2013,12,4,1,12,True,0.16199999999999903,0.15462439389563087,0.1174956491297515
SPO,2014,12,4,1,12,True,0.21999999999999886,0.20709268931737057,0.2065426078086365
SPO,2015,12,4,1,12,True,0.10199999999999676,0.09093659084345518,0.09415257599058062
SPO,2016,12,4,1,12,True,0.11899999999999977,0.1097804923695449,0.094065160074332
SPO,2017,12,4,1,12,True,0.1600000000000037,0.1452487877912816,0.1183312171456002
SPO,2018,12,4,1,12,True,0.5159999999999982,0.5086243938956372,0.41921314806795984
SPO,2019,12,4,1,12,True,0.20000000000000284,0.20553170457827008,0.14669131162311427
SPO,2020,12,4,1,12,True,0.1880000000000024,0.175092689317367,0.15318185445306534
SPO,2021,12,4,1,12,True,0.1739999999999995,0.1610926893173712,0.16649519451258415
SPO,2022,12,4,1,12,True,0.25900000000000034,0.24693659084345398,0.2582333883004933
SUM,2010,9,3,4,12,True,0.28300000000000125,0.2678187599281472,0.2693939024098323
SUM,2011,12,4,1,12,True,0.3890000000000029,0.3768550079425026,0.33337851138470465
SUM,2012,12,4,1,12,True,0.4269999999999996,0.4148550079425135,0.3504197616008517
SUM,2013,8,3,5,12,True,0.2289999999999992,0.2168550079425131,0.24844666383726663
SUM,2014,12,4,1,12,True,0.31799999999999784,0.30585500794251175,0.20030940375482661
SUM,2015,12,4,1,12,True,0.3340000000000032,0.3188187599281491,0.3247907346309555
SUM,2016,12,4,1,12,True,0.38400000000000034,0.3688187599281463,0.33251391389566454
SUM,2017,12,4,1,12,True,0.37299999999999756,0.3578187599281435,0.31601319286598917
SUM,2018,12,4,1,12,True,0.2569999999999979,0.2732174880862175,0.20931626838032108
SUM,2019,9,4,1,12,True,0.14999999999999858,0.1571449920574679,0.14576224351287903
SUM,2020,12,4,1,12,True,0.5739999999999981,0.5497100158850259,0.5825923726697646
SUM,2021,12,4,1,12,True,0.3230000000000004,0.30781875992814633,0.2933162625133939
SUM,2022,12,4,1,12,True,0.3230000000000004,0.30781875992814633,0.2945009385023601
TAP,2000,4,2,9,12,False,0.22000000000000597,0.22732108950939534,0.3456697561391556
TAP,2001,5,2,1,5,False,0.3549999999999969,0.36232108950938624,0.598894178141246
TAP,2002,10,4,3,12,True,0.17200000000000415,0.15735782098123252,0.1462099002652437
TAP,2003,12,4,1,12,True,0.1280000000000001,0.12632108950938914,0.08775332768442845
TAP,2004,12,4,1,12,True,0.3429999999999964,0.3332385473208177,0.32727114871306484
TAP,2005,8,3,1,8,True,0.1739999999999995,0.16423854732080656,0.1622347981591616
TAP,2006,11,4,2,12,True,0.5900000000000034,0.5802385473208176,0.5141371042418824
TAP,2007,12,4,1,12,True,0.3230000000000004,0.30347709464163586,0.2966696719140545
TAP,2008,12,4,1,12,True,0.6780000000000044,0.6682385473208186,0.5852418867054244
TAP,2009,12,4,1,12,True,0.4579999999999984,0.4482385473208197,0.35882386797282334
TAP,2010,12,4,1,12,True,0.5260000000000034,0.5089174578114353,0.5230326658476095
TAP,2011,12,4,1,12,True,0.9220000000000041,0.9122385473208183,0.7143365968946145
TAP,2012,12,4,1,12,True,0.3549999999999969,0.34523854732080395,0.27862594038098515
TAP,2013,12,4,1,12,True,0.2809999999999988,0.27067891049061643,0.254821553937315
TAP,2014,12,4,1,12,True,0.3810000000000002,0.37367891049061797,0.21200056920230095
TAP,2015,12,4,1,12,True,0.4140000000000015,0.4017981841510263,0.34903489667157145
TAP,2016,12,4,1,12,True,0.3500000000000014,0.3402385473208156,0.23051672390618572
TAP,2017,12,4,1,12,True,0.3719999999999999,0.3597981841510176,0.37308385438886504
TAP,2018,12,4,1,12,True,0.3089999999999975,0.29435782098121877,0.26221355440036087
TAP,2019,12,4,1,12,True,0.5080000000000027,0.4957981841510275,0.5139190695427752
TAP,2020,12,4,1,12,True,0.4239999999999995,0.4066789104906121,0.3507215110664851
TAP,2021,12,4,1,12,True,0.5210000000000008,0.5136789104906185,0.437496545601089
TAP,2022,12,4,1,12,True,0.4350000000000023,0.42523854732081645,0.3449043765658655
WLG,2001,6,2,7,12,False,0.046999999999997044,0.03776528356328157,0.050274219723293774
WLG,2002,8,3,1,12,True,0.17099999999999937,0.18023471643671485,0.1635026759801077
WLG,2003,12,4,1,12,True,0.37999999999999545,0.37076528356328,0.2535161263936117
WLG,2004,12,4,1,12,True,0.34900000000000375,0.3328392462357499,0.3062828526066493
WLG,2005,9,4,1,12,True,0.3950000000000031,0.374221888017388,0.4723248227498084
WLG,2006,12,4,1,12,True,0.2360000000000042,0.2429260373275426,0.17085505818528873
WLG,2007,6,2,1,12,False,0.3339999999999961,0.31322188801738093,0.4813015215674444
WLG,2008,12,4,1,12,True,0.3889999999999958,0.37745660445410323,0.3814036965160505
WLG,2009,12,4,1,12,True,0.30100000000000193,0.29176528356328646,0.2306888157788877
WLG,2010,12,4,1,12,True,0.15500000000000114,0.1460739626724603,0.10618412047807942
WLG,2011,12,4,1,12,True,0.2289999999999992,0.21283924623574535,0.20521231691451142
WLG,2012,12,4,1,12,True,0.16499999999999915,0.15576528356328367,0.03908275614088201
WLG,2013,12,4,1,12,True,0.25800000000000267,0.2441479253449259,0.23391295378404492
WLG,2014,12,4,1,12,True,0.3290000000000006,0.31976528356328515,0.2545288968893851
WLG,2015,12,4,1,12,True,0.20700000000000074,0.19776528356328527,0.1473443043173842
WLG,2016,12,4,1,12,True,0.24900000000000233,0.23745660445410977,0.19840012408288554
WLG,2017,12,4,1,12,True,0.1729999999999947,0.15483924623574552,0.1338799214484471
WLG,2018,12,4,1,12,True,0.2779999999999987,0.26545660445410135,0.2683058407002915
WLG,2019,9,3,4,12,True,0.42200000000000415,0.4127652835632887,0.42021654179507273
WLG,2020,12,4,1,12,True,0.30400000000000205,0.2924566044541095,0.28697920521284753
WLG,2021,12,4,1,12,True,0.32800000000000296,0.3072218880173878,0.27962937112827263
WLG,2022,12,4,1,12,True,0.28699999999999903,0.27545660445410647,0.28534587159512986
ZEP,2008,7,3,6,12,False,0.4819999999999993,0.4687904343931848,0.5832983948562155
ZEP,2009,12,4,1,12,True,0.509999999999998,0.4967904343931835,0.36166838207028634
ZEP,2010,12,4,1,12,True,0.6950000000000003,0.6784880429914821,0.6186190688456685
ZEP,2011,12,4,1,12,True,0.5859999999999985,0.572790434393184,0.5332065593188545
ZEP,2012,12,4,1,12,True,0.42199999999999704,0.4054880429914931,0.36310819561271435
ZEP,2013,12,4,1,12,True,0.33200000000000074,0.3187904343931862,0.25564251563485874
ZEP,2014,12,4,1,12,True,0.4719999999999942,0.4587904343931797,0.3548668853696657
ZEP,2015,12,4,1,12,True,0.44999999999999574,0.4334880429914776,0.39917298967336584
ZEP,2016,12,4,1,12,True,0.36700000000000443,0.3537904343931899,0.30066853916671393
ZEP,2017,12,4,1,12,True,0.4370000000000047,0.4237904343931902,0.3294455437210606
ZEP,2018,12,4,1,12,True,0.4450000000000003,0.42848804299148213,0.36568229875361735
ZEP,2019,12,4,1,12,True,0.695999999999998,0.679488042991494,0.6771224504121804
ZEP,2020,12,4,1,12,True,0.6700000000000017,0.6567904343931872,0.6502237523533009
ZEP,2021,12,4,1,12,True,0.35599999999999454,0.34279043439318,0.302282582384553
ZEP,2022,12,4,1,12,True,0.4490000000000052,0.432488042991487,0.4284324888393213
