COUNTRY,1970,1971,1972,1973,1974,1975,1976,1977,1978,1979,1980,1981,1982,1983,1984,1985,1986,1987,1988,1989,1990,1991,1992,1993,1994,1995,1996,1997,1998,1999,2000,2001,2002,2003,2004,2005,2006,2007,2008,2009,2010,2011,2012,2013,2014,2015,2016,2017,2018,2019,2020,2021,2022
Kazakhstan,2787.881906,2731.708463,2674.616965,2620.522002,2563.381233,2509.532471,2478.010988,2355.147816,2250.113054,2127.622391,1929.561585,1738.070735,1674.605196,1531.851146,1665.536938,1382.773713,1370.636168,1320.321259,1291.15934,1340.340517,1305.147512,1201.764775,1241.645684,1103.563568,800.5885545,613.8532043,560.6057958,526.7321962,497.2225983,414.8204123,525.1182572,526.0268886,494.5681135,559.3374521,571.8240102,569.2615536,633.3672974,638.2418748,719.5066204,662.86533,719.1822271,751.1239637,780.9566942,780.4664842,767.5547709,567.6560438,597.9924857,652.4614136,668.4920001,637.6486516,629.2957592,540.8313464,549.8528062
Kyrgyzstan,27.27319807,27.27319807,27.82704519,28.26065681,28.95491276,29.46609934,29.7974023,30.30165016,30.31658707,29.95953801,29.46504859,28.64113685,29.02989485,28.29189024,27.86681505,28.04518121,29.10776039,29.30130667,30.01820676,28.58365339,24.07971219,23.161776,14.59593747,11.46354152,5.710309623,3.050526009,2.621824318,3.349228193,2.708409725,2.596024597,2.657303061,2.961710452,2.860242543,2.51663607,2.773409951,2.007552889,1.923201109,2.367780229,2.908123055,3.639991536,3.448465802,4.985140631,6.983512549,8.594616912,10.9534664,12.32925518,11.11571826,11.2233934,14.39148273,15.60455765,16.44481903,12.79317951,13.12867176
Tajikistan,8.639187247,8.639187247,8.847743801,9.03791168,9.271867944,9.455775371,9.623981415,9.752795872,9.784646137,9.661935635,9.455168254,9.118433244,9.203737792,9.009518724,8.856790685,8.913410556,9.248728257,9.267679616,9.356825496,8.899461345,7.285156864,4.803819806,3.279557888,2.701961149,1.095432566,0.331888378,0.163165402,0.176386933,0.205265213,0.205265213,0.236016444,0.2586172,0.463301233,0.584449919,1.248689222,1.33533193,1.371710898,2.46914785,2.729067909,2.759824765,2.712094858,3.219374415,5.786465338,7.287618409,11.92264915,14.27730738,19.28566924,24.9220981,26.66840929,28.42853122,29.6252271,30.27005997,32.46693811
Turkmenistan,,,,,,,,,0.440734796,0.448160867,0.448518073,0.442087938,0.435646977,0.429211456,0.422781295,0.422781295,0.42470818,0.422781295,0.422781295,0.422781295,,,,,,,,,,,,,,,,,,,,,,,,,,,,,,,,,
Uzbekistan,9.872202305,9.872202305,10.05870822,10.19338125,10.43876035,10.61452256,10.70775519,10.90332285,11.32642439,11.20846694,11.05097291,10.77843633,10.92885065,10.63875698,10.4862575,10.55077097,10.93780951,11.02386322,11.34156259,10.82353474,8.86322131,9.194703814,8.040198978,6.539999053,7.205811062,3.929101841,3.723582688,3.617621182,4.028623737,4.045472878,3.657518782,3.842399593,3.641934568,2.722386589,3.368733938,3.865836839,4.483820818,4.290614734,4.223957535,4.175139971,3.704117751,3.907742429,3.834618458,4.153788646,5.663346228,5.082623792,5.90387135,5.55508263,6.489227195,7.222586458,7.608322293,7.59200455,7.59200455
Brazil,21.71294177,21.647107,21.71167993,20.51342225,26.54971292,22.8485237,27.27945197,31.76493235,52.16106575,58.85353043,63.38434971,68.83056058,75.57652878,80.35595323,91.88956255,91.78098661,87.30460497,79.41353801,86.32459863,75.64315457,51.74363258,57.23106994,52.33100377,52.62162401,55.49082688,56.38313498,52.427782,59.11244423,57.02352762,57.645692,70.85300272,61.17390574,55.63005291,51.82485699,59.81201275,65.99929795,62.09598323,65.18484916,73.31690977,62.5074805,61.02616794,62.4776723,68.87367338,88.07334977,82.39210942,81.73014005,70.50031084,59.40887968,60.42713722,64.37823362,59.29867538,78.53046727,73.26044168
Canada,55.41064649,56.46794748,58.85294156,58.2614182,54.83152937,62.74790097,66.36195529,68.92067067,83.27651863,77.69384141,80.85081759,81.37260172,100.86813,87.1604709,103.2024628,93.56802333,99.53010876,99.24198285,119.7222635,127.5601933,122.32043,151.01121,139.7097892,136.2278012,134.7040584,129.8318828,133.0699838,137.468274,117.004478,113.0636774,106.4430334,107.6281017,98.4615604,91.21480911,97.94059838,106.1978264,106.2321019,115.2739293,103.7584543,93.20859712,104.9550501,105.7382034,106.0969691,112.1924303,105.4557809,93.89503933,88.64327765,95.59704174,94.21606018,92.82703643,82.01049124,85.35309134,83.27585884
Albania,2.592796751,2.592796751,2.848207573,3.120264666,3.276049029,3.448479081,3.467637607,3.65922644,4.617171627,5.383527981,5.460164127,5.921246855,6.53560002,7.111635944,7.725990127,8.263708998,8.330118674,8.20366939,8.396526628,8.431013354,5.377257509,2.843386652,0.942004135,0.55078904,0.434969071,0.205902858,0.290836959,0.100377043,0.126115319,0.126115319,0.077213703,0.054049263,0.038606301,0.149279768,0.149279768,0.115820009,0.115820009,0.115820009,0.157001242,0.025738276,0.025738276,0.012869125,0.012869125,0.00772148,,0.897915712,0.054417936,2.009127554,4.281490001,1.380757517,1.844996528,3.485139719,4.171284076
Bulgaria,86.82085269,85.01131626,84.15398531,81.03173246,72.08874958,80.576619,72.2298912,69.74855002,69.69245839,74.0730804,77.19999377,72.85394613,77.80235347,76.02534118,76.57635548,67.98607903,75.0952345,76.12820811,68.55419699,66.64895265,56.63881393,42.74897542,47.46652038,44.0358413,41.87681163,42.51470677,41.83369295,41.61029255,39.69097745,31.71131696,30.36123449,30.80658061,29.52669819,30.27632907,28.68852234,25.6526415,25.59717812,27.21154764,26.53765218,23.78047313,24.75808917,31.15708744,28.15481481,24.01715574,25.67155567,29.30344842,25.53638608,28.48425627,25.54486569,23.63268835,18.84533928,23.8080337,29.76004213
Bosnia and Herzegovina,48.68603731,48.68603731,48.92305552,51.39323216,53.17976101,56.12719716,56.41743315,58.7779616,62.91696638,67.11078479,65.9675993,78.57904087,86.17804891,96.40518643,102.9743564,107.5131093,108.7224521,109.9128435,104.9707216,105.5112188,118.0841246,105.0570489,90.04889902,78.04237915,8.404563381,9.845347295,9.087362792,29.69439165,38.4887274,36.87386668,38.33755278,39.1207988,40.3730618,46.32002408,46.37347311,48.02800917,52.46445385,51.46340824,59.19744753,60.4456402,58.65848535,66.9604187,64.103337,62.07077248,88.0278684,90.62503817,100.6306058,103.1797593,104.6220542,97.33415082,95.08299171,89.87161904,87.71965372
Czech Republic,230.4945968,230.4945968,227.1392653,222.0596034,224.5079289,229.9996571,234.0977585,242.5759948,232.0473394,235.5010557,225.6631505,225.9334017,228.7446294,229.5290378,229.2876337,225.9806801,224.4953891,224.7045933,220.7755257,212.4630127,198.5805615,183.9117157,166.5428023,156.7318005,138.6974927,132.1165917,128.2494675,124.157387,108.7986636,81.37532249,92.19137763,94.59454533,89.35419344,89.38083554,96.44739463,85.8703031,88.18641469,87.92509569,83.94397498,70.80679311,73.06836319,73.22178902,71.44113713,63.86985101,60.99270595,60.87134799,58.67112154,57.12814756,55.69225671,51.32801924,39.75465171,39.76309606,43.1679411
Estonia,,,,,,,,,0.383295674,0.389753937,0.390064589,0.384472468,0.37887093,0.373274123,0.367681978,0.367681978,0.369357741,0.367681978,0.367681978,0.367681978,0.052582418,0.0474525,0.039757431,0.043605063,0.048734984,0.05129994,0.056430044,0.053865088,0.034627514,0.020520049,0.029497409,0.033345036,0.038245476,0.038474956,0.044887541,0.0474525,0.04232258,0.05129994,0.044887541,0.023085008,0.028214929,0.030780077,0.032062558,0.028214929,0.032062558,0.010260027,0.016672423,0.024367492,0.017955091,0.029882321,0.018916907,0.020648283,0.022538123
Croatia,5.614394727,5.614371458,5.02180235,4.920446841,5.065066661,5.076638338,5.598990098,5.152788959,5.335212594,5.627819482,5.562354436,5.551202708,5.661926818,6.152020226,6.374431623,6.425472164,6.307873025,5.408358625,5.686295312,5.37672971,2.186955783,1.919115379,1.585914159,1.456819221,1.165879835,0.609433098,0.516201724,0.394286644,0.410379133,0.116759357,,,,,,,,,,,,,,,,,,,,,,,
Hungary,39.1696385,37.9134139,35.3300244,35.8617204,34.07184257,31.69035839,31.45197025,31.19706238,54.18187968,53.75884388,53.16873973,52.50080648,51.91769604,48.6014669,44.53471525,41.5523608,38.67875471,38.35175824,37.11784713,32.56595067,17.93328241,17.01845211,13.7581993,11.39346419,11.64485633,12.12066272,12.64408829,13.49294386,12.29817381,11.37192662,11.11782938,9.787599998,9.307226019,9.365500654,7.603038533,6.055706276,6.346497121,6.374519792,5.982683947,5.143829485,5.483318687,5.646255753,5.505680035,5.369756799,5.32024708,5.199075525,4.967396254,4.578153426,4.195003735,3.731474778,3.491850519,3.005731509,2.968320804
Lithuania,,,,,,,,,0.031665157,0.032198692,0.032224356,0.031762375,0.031299616,0.030837247,0.030375264,0.030375264,0.030513704,0.030375264,0.030375264,0.030375264,,,,,,,,,,,,,,,,,,,,,,,,,,,,,,,,,
Latvia,,,,,,,,,0.023748867,0.024149019,0.024168267,0.023821781,0.023474712,0.023127936,0.022781448,0.022781448,0.022885278,0.022781448,0.022781448,0.022781448,,,,,,,,,,,,,,,,,,,,,,,,,,,,,,,,,
"Macedonia, the former Yugoslav Republic of",2.879179828,2.873154993,2.880642632,3.019417941,3.117475505,3.282815285,3.299158185,3.436195132,3.677458295,3.922019984,3.854087462,4.591117941,5.035344883,5.633766605,6.017658508,6.283171396,6.345242829,6.40634978,6.110598621,6.134030827,6.855694967,7.200723078,7.202449787,7.140177467,7.082022082,7.485477083,7.934282677,7.440125858,8.379842987,7.472309391,6.847569185,7.637720286,7.296524974,7.644725207,7.306384142,7.279998166,7.319542348,7.084888557,7.782143294,7.305576247,6.745591509,7.966236964,7.037585313,5.947060537,5.570591874,4.950036597,4.209971578,4.794248774,4.519311415,4.859835325,3.865075389,3.165206192,2.956253114
Poland,3050.387451,3109.041474,3184.887151,3258.415996,3317.387839,3426.714642,3504.933628,3542.154748,3763.557947,3852.924908,3549.155602,2936.25097,3368.431164,3330.298489,3232.578654,3137.248225,3067.857657,3003.217912,2912.248518,2582.028974,2107.412794,1953.030048,1870.92699,1749.097403,1742.267423,1733.945959,1666.314426,1639.448822,1317.263417,1199.982602,1061.452061,1021.647704,977.030912,917.0064915,859.2899651,835.5707043,792.7309127,711.7776579,659.4942504,570.0210825,566.7204557,570.11427,611.0409897,590.3078468,544.3804025,537.4288745,512.9427475,457.2566565,428.0239836,416.8188456,363.0450274,396.3201464,382.6459092
Romania,100.1699091,97.99036372,97.98885479,103.7231697,104.7649875,105.0522782,99.22820714,99.22272701,102.7542548,109.8272177,110.2859247,112.124461,104.8466194,116.9278508,119.3161788,121.4462581,122.0195943,128.6042539,137.1864816,129.3105652,89.15455022,74.49090811,71.80146052,65.37494006,66.96628095,66.3548527,67.75744455,57.74784733,45.44138568,38.75764611,42.7622324,42.17224028,44.82174504,47.63054121,45.51506075,41.92449794,46.32030098,48.38043769,47.84145038,43.88654618,38.6775973,43.98900818,42.07887262,31.11796147,29.75774045,31.16078524,27.94554605,29.63975968,26.53708326,25.95396445,17.01350557,20.07117486,20.07117486
Serbia and Montenegro,35.46447111,35.46447111,34.88986903,36.29447432,37.58951849,39.4294095,39.53880662,40.51884184,42.86259915,45.26104804,44.23117971,52.16293604,56.99660115,62.98185543,67.61257749,70.54252887,71.25223674,71.91408103,68.73183323,68.59294532,76.59840357,65.05172966,66.83958469,62.67121993,57.05038764,65.93724678,40.3120339,42.61589095,44.39175073,33.25954164,42.30361693,42.32731592,44.39326443,46.20377287,46.69453614,39.15960901,41.09967004,40.92023596,43.66409612,39.76048529,40.20824757,42.53816268,39.7741702,41.54278298,32.19126948,39.59699809,39.73276536,38.88728914,36.43963043,37.85132382,39.77553662,37.24034576,36.74186185
Slovakia,26.97712336,26.84905113,26.72097889,26.59290666,26.46483442,26.33676219,26.20868995,26.08061771,25.95254548,25.82447324,25.78439769,25.03219697,25.28375636,25.31471898,25.55458124,25.26858822,23.51931577,24.42395456,24.62833834,23.42003859,21.4317079,18.46421072,15.86694579,15.88350762,16.29966806,15.40313475,13.50920576,12.88281386,10.71667438,7.229406519,6.104950187,5.916964332,5.811825986,5.469108208,5.423416557,4.682212524,4.38959921,4.00987924,3.966094065,4.163511518,4.178646838,4.05997862,3.905335833,3.904627326,3.915221445,3.7747998,3.625084268,3.550858772,3.283330232,2.998749255,2.327882063,2.28963452,2.055219756
Slovenia,21.57966965,21.57966965,21.68472594,22.77961061,23.57147425,24.87790011,25.00654473,26.05282878,27.88740725,29.74628139,29.2395742,34.82948781,38.19768314,42.73077438,45.64250279,47.6542662,48.19029704,48.71792783,46.5273746,46.76694534,52.33970838,48.29363947,53.26919718,45.84865273,40.80983091,39.25424617,37.34246076,40.21500856,40.75420545,37.09476064,36.23007829,34.39320641,39.94318334,40.1832436,40.75240178,40.20549278,41.06770519,41.94080603,40.10624654,39.29872327,40.40652803,40.57147211,36.82206404,35.90365151,27.27348887,28.75357575,31.40177621,31.11954918,30.05145243,29.71620907,28.85103174,23.73849667,22.20585517
China,3738.611459,3697.129744,3826.858616,3852.168434,3774.71347,4354.885788,4314.96313,4856.217205,5397.171121,5485.907427,5385.202159,5268.942725,5548.328296,5856.125618,6383.003481,6510.590349,6596.329371,6768.816931,7088.06166,7579.121538,7830.71373,7683.44805,7743.86083,7921.716327,8409.521498,9421.444049,9439.59864,9013.989728,8745.895848,8425.966624,8768.874371,9331.365452,9732.947472,11562.96194,13447.91652,15181.02725,16551.24134,17511.38698,17628.39175,18365.94791,19860.56705,22761.33492,22433.80239,22822.02425,22774.12238,22178.97628,20226.36943,20686.12576,21869.27427,22611.26611,23032.62083,23854.2388,26310.01339
Mongolia,6.471683408,6.471683408,5.716316054,6.744875805,7.211749019,8.629067617,9.545272827,11.35405485,13.2133687,13.13182061,13.4433239,12.69774344,14.65654695,14.83211618,16.20551807,16.77728646,17.78637141,21.37817124,23.08896731,22.37414959,19.55767872,46.39703539,41.25528618,33.88779689,29.6754943,28.39661237,7.961427501,7.612340629,7.823425632,7.817109308,8.095132153,8.070072896,8.708671279,8.395145375,8.802528249,63.03731083,77.11427577,93.67441604,104.2349489,179.0771911,357.779233,446.4910804,387.1125009,361.9095376,374.1345044,302.1200916,463.6682411,578.8898879,616.0705337,646.2077827,565.1658734,427.5683182,420.3439791
Taiwan_Province of China,64.6974408,64.6974408,61.78896216,52.54053744,46.3286318,49.55451143,51.08088457,47.00489276,43.59028326,41.37944053,39.15966759,37.30684837,37.3502255,35.45775566,31.97855129,29.82503518,28.08772519,24.98401321,22.26010213,15.4270361,11.0074655,9.907050785,8.710440497,8.718529574,8.298696948,7.658790743,6.196298004,6.71862798,7.187513575,6.826949696,6.953409511,5.717258086,5.888709844,5.789795273,5.867608008,5.812216172,5.667141445,5.593285195,5.58009668,5.034088828,7.053263438,7.182511875,6.794766563,7.488486563,8.278484063,7.940856094,8.211222422,7.986586641,8.367534844,8.143650703,7.853487188,7.836013406,7.818578504
Ethiopia,,,,,,,,,,,,,,,,,,,,,,,,,,,,,,,,,,,,,,,,0.294857938,0.589715798,0.344001767,,,,,0.049143887,0.053173866,0.053173866,0.057972043,0.061478339,0.061478339,0.063945229
Afghanistan,0.113243719,0.113243719,0.099567241,0.117864232,0.126047956,0.151101245,0.167273186,0.199187006,0.231881911,0.230126297,0.235397086,0.28618906,0.306341175,0.306732772,0.342734177,2.429153158,2.568915044,2.668038089,2.200433144,2.065882679,1.649827928,1.433247577,0.387476249,0.097321153,0.082946999,0.090796226,0.059982862,0.03208906,0.022428519,0.015321555,0.012555949,0.531129598,0.451720515,0.629181811,0.362251991,0.600957013,0.672224028,4.327869349,6.317930631,7.844175691,11.95530461,24.31835445,20.29529475,21.97814284,25.35371481,22.28056475,27.74992423,35.802549,39.95665714,35.01335369,8.181124913,24.65779116,24.04622256
Bangladesh,,,,,,,,,,,,,,,,,,,,,,,,,,,,,,,,,,,,2.364977423,4.025775282,5.155119462,8.994883539,11.00112945,9.366903469,8.862021669,11.09413567,11.35986065,12.58221044,8.98159729,13.57868779,15.42095133,12.26700367,10.70479054,10.77707994,10.77707994,10.21675837
Bhutan,4.13467E-05,4.13467E-05,3.65208E-05,4.30921E-05,4.60749E-05,5.513E-05,6.09835E-05,7.25395E-05,8.44184E-05,8.38974E-05,8.58876E-05,0.000179085,0.000238652,0.000312469,0.000804806,0.005506601,0.010937217,0.024895068,0.024933496,0.030589098,0.034524191,0.038331496,0.131074494,0.544569244,0.753382245,0.979300518,1.089613649,0.737746913,0.591103369,0.906947384,0.822674162,1.278662305,1.34296106,1.015231063,0.680335227,1.32238442,1.495691991,1.3034644,1.297706707,1.049209935,1.232936918,1.383747137,1.375924498,1.080083478,1.165051182,1.183631753,1.638939,2.254020822,2.602105177,2.578492082,19.22421837,2.487323549,2.657126167
India,674.9488401,671.209454,710.6065498,691.0857043,763.6842306,852.4562777,844.6177257,806.0763268,777.7342161,761.8155691,862.7642231,905.8653756,909.7580463,911.8988206,954.7983141,951.6975284,1273.706668,1589.186508,1929.914301,2148.817241,898.6434913,1033.755714,1037.837169,1067.509014,1094.813167,1164.795311,1222.6778,1266.068061,1225.733756,1256.074666,1292.268182,1333.011151,1375.783926,1455.752912,1527.890501,1611.440821,1684.609878,1789.526538,1939.656323,2100.445419,2106.995606,2191.537264,2310.821355,1295.461028,1451.921423,1561.758677,1608.295704,1610.119077,1811.927541,1724.828603,1620.815475,1972.418658,2210.060864
Nepal,,,,,,,,,,,,,,,,,,,,,,,,,,,,,,,0.271149993,0.159498881,0.19139739,0.159498881,0.143549621,0.19139739,0.318997761,0.223302244,0.239251494,0.255200743,0.271149993,0.287099243,0.303048492,0.318997761,0.334946991,0.350896241,0.350896241,0.382382064,0.411537693,0.438940969,0.429766332,0.429766332,0.44554035
Pakistan,15.9055646,15.9055646,15.39414695,13.62203986,14.43252516,15.41713909,12.56399999,14.29234574,10.88929512,12.14266564,13.7200401,13.98298269,15.68843201,14.44202349,16.67622913,20.08992355,19.88894121,20.46892451,24.65705735,22.83314641,24.84093248,27.40653043,27.87848382,31.59837732,27.41681404,32.58253612,31.62319508,28.30348244,30.89016672,28.37480596,27.73512378,29.74173197,29.20092215,29.93133461,34.23027045,36.88676072,32.944004,38.18599223,36.60349425,28.94773395,29.66012821,28.50311711,25.64781396,28.5497669,32.49955751,41.30339,38.15355296,37.11304591,53.59495312,56.20629026,55.94399301,56.23465949,56.23465949
Indonesia,1.537182104,1.530072736,1.378334893,1.143858585,1.195855748,1.579528446,1.477804115,1.769072739,1.836917384,1.946976037,2.11204226,2.430901027,3.323521659,3.374744057,7.356938445,13.39812754,17.40652058,20.82669147,31.75634497,61.4531187,71.75363836,93.41723832,156.3894997,203.0638233,220.4956579,303.2480257,365.062318,398.0864987,443.31213,540.2995522,565.2692159,675.5733178,749.7185166,837.4378987,985.6013313,1146.423191,1487.350596,1641.275771,1765.613263,2067.113614,2278.978329,3618.395508,4011.872522,4133.534769,4368.470002,4026.789053,4241.257175,4830.129568,5771.398426,6361.423667,5914.435258,5978.925472,6577.761067
Japan,993.1557507,821.2820202,704.1230429,651.9579843,565.3567961,498.9095919,517.085406,518.4757899,421.9255047,407.2063177,417.6477404,419.5082093,415.0733694,399.9955576,396.0525455,386.9759063,374.3767878,305.7263631,274.0971093,253.0170006,177.475649,175.5102523,168.063738,163.0892287,163.4318484,166.0694896,160.7955174,120.057945,111.8778982,110.1200507,96.10117646,94.37507039,71.1225356,74.04809622,71.43915203,70.20832151,73.39587656,72.49291144,69.64892595,64.99788906,67.7429592,65.89736925,67.09100343,69.40512004,69.21644307,66.1706638,67.48243551,67.83258678,60.11052527,56.66452416,51.78345289,49.35088065,48.51758008
"Korea, Republic of",216.3641999,216.3641999,209.8995016,230.0673185,259.0940999,286.3579041,265.5918967,278.2036069,276.0266388,279.6444319,286.7817842,307.4384406,311.4257455,307.7323719,331.3168409,349.2107831,375.1883198,376.789999,378.4093512,326.4359723,272.7505438,240.471173,175.8991603,146.7692455,119.5333374,98.48657882,88.66437847,83.51986212,81.4891704,78.76812152,140.9866149,130.399761,63.51066026,63.32889267,61.99429987,54.36829124,55.41268928,58.81977675,58.2571476,52.61690516,50.89029009,53.26423838,51.22585561,47.73704763,48.90445524,49.81661014,47.15802795,44.5250514,40.14311083,38.34948098,36.20082331,33.7054026,33.15580222
"Korea, Democratic People's Republic of",273.9559083,273.9559083,278.8633468,283.6932705,289.2046752,294.9944105,317.8919842,341.776194,424.9093739,454.6687316,484.7908212,506.9276417,530.6930794,551.3387785,573.1632392,596.340692,583.6013299,570.1263205,556.807491,544.4183662,528.3876292,498.8845106,461.2862343,427.0955542,399.8124681,372.5550213,407.8057373,400.0380025,361.1837728,407.6674162,436.7881004,448.4341534,431.7997471,445.0964816,468.3150845,512.9489725,519.6895223,451.777271,479.2118973,372.4739488,374.7036662,387.4775244,393.1930783,414.1316768,419.4350651,433.7198507,490.5724844,341.8304101,285.3430136,318.9563683,299.8545985,299.8545985,261.7110213
Mexico,31.0991984,30.9512261,32.19973995,37.31486536,44.42929606,43.87757008,37.66076151,44.03102629,42.83200881,43.27830392,42.32461992,41.45618862,44.125998,51.56323892,53.10663057,51.88681836,45.51297972,48.59927402,36.91748213,41.77096392,52.78943036,43.037275,32.48144633,34.28908534,42.47836382,37.25859698,39.83223647,42.70768561,46.68754766,42.95682242,47.87351691,46.44980999,41.31969178,66.3239798,77.06135543,69.47862446,80.35584858,83.72755364,77.55170651,63.69452377,79.0412053,108.1877755,54.13957353,48.30273161,25.80260315,34.87812403,53.89832517,54.65767176,43.70970434,36.2677714,45.49917995,49.90645266,49.71243893
"Iran, Islamic Republic of",5.87944409,5.87944409,9.185977509,14.74570236,15.51739799,16.26483911,16.94136204,16.9591279,13.2390187,15.53465773,16.71424229,16.10112448,18.38395833,18.28878351,18.30305019,19.39772452,18.63964093,18.98372826,20.13804561,14.99787058,14.62194332,15.38110868,12.25474557,19.61737248,19.43235231,18.98109293,17.84609315,17.21385769,21.60046803,18.62810175,20.26677355,19.71455039,18.48122771,19.98440908,21.11823351,26.2664762,27.83405256,28.08831871,26.96447431,20.25872301,19.04536062,20.07998991,17.83766763,19.35801408,19.02821202,21.34786,23.5033563,27.71919649,29.93143744,26.47053066,26.93814354,26.89055469,27.57137318
Algeria,0.049491052,0.049491052,0.049491052,0.055836002,0.027918001,0.034262952,0.067256988,0.087560936,0.044415019,0.153920069,0.132347206,0.29224117,1.50321036,1.438089888,1.471083941,1.471083941,1.508936095,1.68455452,1.568207938,1.411995581,0.961901895,0.983475,1.003778965,0.911141982,0.78424207,0.499985991,0.480950947,0.499985991,0.722060903,0.706832974,0.577395044,0.623079009,0.810890947,0.810890947,0.826119053,0.749978877,0.796931982,0.788048965,0.788048965,0.261414075,,,,,0.017765932,0.010152068,,0.005117859,0.008187561,0.01842215,0.006768864,0.006092224,0.005483222
Egypt,0.586597764,0.586597764,0.521692427,0.492301318,0.793560234,0.923370996,0.914798584,0.998073457,1.005421289,1.145028955,0.920921748,1.190340439,1.219731416,1.147478291,1.165847871,1.229528496,1.241774912,1.255245732,1.377708662,1.377708662,1.310354121,1.359339346,1.38873041,1.649576602,1.775713535,1.797756855,1.800206191,1.82347418,1.714481895,2.23087867,2.938897098,2.494475721,2.630409647,2.705112108,2.686123591,2.508541944,1.866336152,1.696112578,1.527113496,1.35689001,1.017667441,2.161471992,2.258217773,0.314729956,0.449439126,0.351468765,0.399229277,0.791239658,0.430648462,0.356470181,0.072118427,0.01624836,0.003660773
Morocco,8.181619089,8.181619089,9.421780043,9.731820601,9.88684088,11.23034847,12.09157153,12.17769384,12.16584,11.99687,11.48996,10.79478537,11.28615503,11.53184178,12.86775317,11.90036743,11.90036743,9.73526534,9.76598146,7.73907505,8.076896729,8.460773401,8.844662864,9.274606042,9.980953368,9.980953368,7.769784134,5.77360024,4.130576578,1.980839265,0.476010762,0.030709315,,,0.368531443,0.184262444,0.061418629,,,,,,,,,,,,,,,,
Australia,595.0880916,571.8760118,694.9054683,706.0606698,671.1717562,530.0720899,513.3790211,564.7441116,548.1171947,589.335167,545.0533345,655.1569614,652.5161631,744.6553604,801.4378347,662.1621318,706.0496201,785.4054473,656.8595606,723.0399005,680.3658353,730.3157384,743.7945487,738.5265595,655.5142039,693.1869719,694.1697669,741.1871546,779.9031266,793.1330107,819.45415,907.8864268,947.2751461,957.5205884,988.4631489,1064.734071,1081.493827,1135.157486,1124.901805,1160.999765,1271.98166,1191.197999,1253.59037,981.6916738,949.9568946,1143.754316,1040.282012,928.3046263,898.2776318,989.882816,911.6114942,788.9661792,760.4285813
New Zealand,12.73309455,11.17617016,10.80901331,10.62969785,6.797569778,6.634210292,6.45063817,5.42072944,11.8520062,9.557585597,10.69584858,10.45488977,10.22096847,10.55129698,10.43481798,9.596103885,9.133588986,9.164228059,8.834460926,10.18368823,9.615723308,10.00205532,11.34455136,12.71504386,11.50442963,14.04955139,14.27711715,13.48199967,11.78595664,13.57860489,13.50230684,15.3664437,17.58276734,20.01094774,20.22256413,20.56313025,22.10719722,18.43752946,18.43650973,17.05582744,20.21837194,18.43932167,18.73632949,17.86434964,14.70815897,12.65660107,10.72388305,10.81564125,12.20929726,11.81014064,10.79775971,11.07723387,11.05280336
Palau,,,,,,,,,,,,,,,,,,,,,,,,,,,,,,,,,,,,,,,,0.003551265,0.007593312,0.006796667,0.007146672,0.003665,0.004639603,0.004379428,0.004192619,0.004383035,0.003830308,0.00386337,0.003708123,0.003573862,0.003444462
Austria,27.34734338,27.91186848,28.3281645,27.51792794,27.50604146,26.06518602,26.66012725,25.79075637,25.42760466,22.15396108,23.10933206,24.46095688,26.14938053,24.72726022,24.05607329,25.23191802,24.38734746,20.5270542,16.23044414,15.6050512,18.01434528,15.40806968,13.35679919,12.7313814,10.69132027,10.24707531,8.474429326,8.612296424,8.711533802,8.676987688,9.056183286,8.83265474,10.03195061,8.51992355,3.190857115,1.832137734,1.847926934,1.865835527,1.82910498,1.596960879,1.786163379,1.73203084,1.717279629,1.767270059,1.736648965,1.725511992,1.75662791,1.74611707,1.652540449,1.702190918,1.717566328,1.715977195,1.714389533
Belgium,193.2362579,185.5872572,178.0567204,175.8445926,165.5354838,164.2183443,161.3329976,155.9346375,131.3109414,122.5313701,126.5525261,126.0366577,127.9477574,118.4697035,123.5369896,123.3892967,108.040423,85.90843007,51.79019442,47.72234944,34.86485256,30.43679216,19.85970485,17.77010307,13.55265472,13.16772864,11.44020238,10.4456766,8.985808972,9.343725115,9.676452356,7.410423736,6.407932227,5.62172178,6.479628386,5.290557279,4.201728485,3.411637734,3.021661406,2.059807148,2.660931064,2.648783529,2.591538157,3.496765378,3.190336349,2.684322789,2.613654155,2.452745978,2.821239234,2.919298711,2.700919015,2.595938749,2.593148541
Germany,1999.670952,1984.378714,1849.530431,1774.544341,1740.073983,1700.347776,1657.580606,1571.672715,1554.654756,1605.328505,1627.840898,1595.373443,1541.007496,1374.949659,1263.028148,1312.98545,1220.333608,1103.432188,1050.592608,1069.628964,1028.074381,891.3064923,818.1791808,681.0982383,594.9425894,599.5997933,527.8870928,498.343083,446.0763542,430.3562641,392.8578812,331.3903018,318.6715048,307.3563075,302.414785,287.6429381,253.4181726,251.8429184,225.3293156,188.2422672,192.9701236,204.5018255,212.6608354,199.2559383,211.9539887,212.3715283,183.1563444,178.5698052,164.4319961,108.5049584,90.08193377,103.8969055,108.5670221
Denmark,0.216656526,,,,,,,,,,,,,,,,,,,,,,,,,,,,,,,,,,,,,,,,,,,,,,,,,,,,
Spain,123.961791,122.432988,125.1247308,112.062398,113.7139046,113.292953,112.7633519,127.1688144,120.4804308,124.9140484,133.8404879,147.9907451,165.0373231,159.8391254,152.3253886,156.602523,152.0468682,130.0246751,121.4073459,124.5032989,123.7407728,114.3127513,118.6976711,110.5393509,105.9725507,97.39537145,94.0181453,95.95287366,88.71696284,81.70373929,76.24779085,72.27713078,66.33620018,60.69726258,54.99643971,52.02864104,48.12742009,43.64660975,36.44848385,31.37000704,26.20085539,19.31607394,17.11447395,11.48967337,10.89776193,6.541022516,2.663604079,4.189145071,2.129624302,1.031066982,0.671792871,0.428502727,0.273320237
Finland,,,,,,,,,,,,,,,,,,0.102700492,0.52000207,0.5629021,0.633102363,0.533002061,0.647402563,0.923003613,1.198604707,1.196004639,1.189597588,1.149072715,1.20247207,1.186649912,1.199835,1.198516553,1.20247207,1.180057412,1.191923965,1.178738965,1.147095088,1.1405025,1.13391,0.97305293,1.09039957,1.123361895,1.161598535,1.15764293,1.170828018,1.155006035,1.162916982,1.139184053,1.135228447,1.102265947,1.00469707,0.974635277,0.945472971
France,897.3788485,793.8799448,709.1103461,606.0390077,547.4701624,533.6579358,519.67592,503.3516624,438.2888287,420.5848397,404.7731255,396.3732614,358.3167646,328.7144171,314.5772911,278.6374692,263.3827137,242.6874849,195.0837539,186.2706368,162.0763142,150.1140994,132.7336599,95.31169211,71.48795708,57.68401422,52.5098601,46.48459169,38.82963504,32.73924272,27.02115478,19.71709113,15.84473142,18.29490331,16.24394562,12.91368334,11.16922678,10.44795034,8.761088172,5.676843003,6.785907976,5.3344808,7.166797999,7.574940676,7.31499745,4.04964,3.94002,4.095023906,4.031397773,3.922616953,2.912954941,2.68561793,2.476023079
United Kingdom,1907.630606,1897.559908,1502.318314,1648.357678,1353.577109,1578.76783,1493.081974,1417.328271,1391.28347,1426.539136,1474.025368,1467.643368,1389.916115,1319.266366,390.8878319,922.7799102,1124.280619,1031.228452,998.8584629,906.3109498,837.4264628,874.0639427,739.7113015,554.4503456,317.5319715,389.642632,367.1566034,359.0550308,295.039084,264.2054215,215.6861215,196.3046488,187.1713906,151.8140829,119.8176242,87.76905083,70.75918873,61.87214792,61.91569813,55.66685404,48.22067071,59.37623656,60.51118003,44.45495335,40.74451757,22.24169156,-0.117003995,-6.517766873,-6.587911252,-6.660845039,-11.54544454,-12.31468254,-8.106250177
Greece,7.311842947,10.08695784,10.79406784,12.41157806,13.08585289,16.72524571,20.40902628,21.39716588,19.70204962,21.40533708,21.05245733,24.46446155,25.57327314,27.91431604,30.33623793,33.95382187,35.48084965,41.8935528,44.12285967,49.97489987,49.96030556,48.4505175,49.09409195,50.2729517,51.66068398,52.70812684,50.45626061,54.08450218,57.0311277,56.38720752,57.70221446,58.89819869,60.23228929,57.38228165,59.98472036,59.9226343,57.34218135,58.87735491,57.05528217,57.38160589,51.34210792,52.67195538,56.46031526,47.22126915,44.80625154,39.8309516,27.88080833,32.05467064,30.00205392,21.66903884,11.44216206,9.847705011,11.48898918
Ireland,1.893172671,1.310657178,1.092214637,0.932023427,0.99027482,0.99027482,0.946586336,0.859209247,0.305385732,0.916155118,0.872528607,1.003408202,0.901612988,0.967034176,0.902565223,0.734945969,0.696264621,0.580220517,0.580220517,0.554432912,0.322282733,0.012891715,0.012891715,0.012893787,0.012891715,0.012891715,,,,,,,,,,,,,,,,,,,,,,,,,,,
Italy,15.64212141,14.79269453,12.74457573,11.21301609,12.30390153,11.96513894,11.71360442,11.22937902,10.85438572,11.20267139,12.09207202,11.74831729,11.88554845,10.18550139,10.80721026,11.52794757,10.8655543,10.01020722,10.4066394,10.95342886,10.15522255,9.115961785,9.161149153,7.228247989,7.226943288,6.998055479,6.671476055,7.083708683,7.023055321,6.68800005,5.95333315,8.530626895,7.83969253,8.882068498,6.824940232,7.446447666,6.444417708,8.625845826,7.672431336,4.714970784,6.934235226,7.679062672,6.704227553,4.286821711,3.536340113,3.461193409,2.2707,2.149335,2.258226035,2.15768584,1.584679043,1.461307852,1.347541413
Netherlands,2.558138379,2.4363225,2.506847871,3.404439844,3.442908516,3.43649707,3.607039688,3.206969648,3.078742148,3.24287332,3.147984844,2.874860508,3.113363672,2.722269551,5.073562593,5.202415281,4.749614318,3.522409102,3.74424293,3.72951,3.50892,3.76029,3.747465,3.6923175,3.701295,3.7128375,3.7461825,3.7256625,3.6384525,2.9843775,2.7278775,2.839455,2.7278775,2.762505,2.84202,2.8843425,2.788155,2.78559,2.6919675,2.167425,2.603475,2.5842375,2.4149475,2.5457625,2.5791075,2.609747578,2.608379473,2.518888887,2.546988223,2.549389922,2.410093828,2.370163078,2.330893906
Norway,8.94880719,8.490428242,8.844110133,8.045784122,8.514070695,7.542564299,10.08392051,8.838985494,7.872968033,5.652186001,5.780401599,8.041430448,8.594083742,9.711266853,8.767323805,9.807231119,8.509028577,7.758925757,4.934883051,6.048639855,5.405920353,5.887636163,6.40503474,4.781474093,5.370237585,5.209666062,4.103503992,6.88674993,5.851953395,7.207894217,11.27571482,31.90028371,38.03769738,52.52485011,51.81119724,26.24458522,42.72996548,72.66770132,61.19573345,47.11893162,34.5229575,24.72807288,21.92698338,33.09565176,29.88421386,19.73250156,14.59420165,2.337213205,2.682515859,2.159155427,1.225076571,2.163542841,2.163542841
Portugal,4.709621945,4.396804178,4.5826631,4.18025758,4.244515281,4.138305054,3.664619019,3.714523167,2.445586681,2.424871892,2.374613337,2.435018148,2.383967135,2.511275549,2.603010119,3.161616859,3.151007744,3.436525108,3.0721785,3.393330604,3.626683905,3.509325049,2.962242089,2.677283248,2.111381324,0.417744888,0.417700371,0.429057905,0.444200845,0.458082466,0.468177759,0.0845496,,,,,,,,,,,,,,,,,,,,,
Sweden,0.669040181,0.629907759,0.676614155,0.85962539,0.77463115,2.337254873,1.538764028,1.189959021,1.30415252,1.564806015,1.64184795,1.506126934,1.59604198,1.570795574,1.65789659,1.621288738,1.578041433,1.571846,1.271331348,1.242142646,1.455271921,1.627466665,1.742304234,1.435280361,1.440329854,1.45042875,1.451691035,1.464314414,1.449166465,1.446821982,1.448085586,1.450612793,1.357106396,1.627516758,1.733659277,1.782939551,1.501156758,1.508738379,1.485993516,1.247173242,1.512529277,1.545382793,1.408913965,1.363424414,1.406386758,1.499893242,1.479675586,1.459458018,1.396278018,1.396278018,1.352051982,1.32248373,1.293562112
Argentina,10.41140475,10.41140475,10.96633767,7.685278578,10.49159593,8.719646477,10.4051014,9.094528223,7.680256405,11.96875682,6.646306304,8.273785917,8.787210225,8.129522226,8.603598028,7.402631266,6.955757448,7.092125438,9.22874225,9.616906262,5.740811989,5.712402226,4.303945922,3.265568763,6.218223277,5.432850399,5.688039921,4.814474844,5.798063868,6.54785502,5.470703693,4.334989256,2.848416006,2.911959362,2.21367057,1.882883472,2.923069936,3.203701706,3.032406251,2.35264162,2.420611611,2.961557938,2.873610655,2.744717111,2.493467149,2.00267625,1.567783935,1.662338058,2.443454302,2.657652352,1.444576642,1.716675149,1.745485549
Chile,25.68776222,25.68776222,22.38919883,21.74700602,22.80553288,23.0123378,19.86207935,20.58798741,17.82560247,14.9046547,17.8539569,17.46648759,15.61740728,15.6974225,18.75129985,20.41805017,25.71983084,24.65962141,30.26126796,30.62047987,33.51917759,34.04972599,25.2355042,21.16293301,18.53741688,16.31027698,15.81605715,16.34740977,14.8207895,7.836834837,6.144001332,9.36681915,7.171120013,9.301710917,3.503511665,6.781846255,6.642661058,3.068873356,6.601921842,5.936078434,6.249141985,6.30550909,7.325576129,28.29715389,38.69412457,29.30798667,23.64125874,22.876568,21.07519639,13.49826128,4.855528231,0.656220123,0.650678433
Colombia,27.08301516,25.89215198,25.71196497,24.2290237,28.65256269,28.50402089,27.99518711,27.32611445,28.51412792,25.88799415,21.23700773,20.26885808,20.3595877,20.3806479,24.14703859,28.70021545,32.78432705,39.26005876,41.27116053,47.0728035,54.39284863,50.62871559,55.57468498,53.80498058,57.4888039,65.20353009,76.18232971,82.58427281,85.35593093,82.82262032,96.83185971,112.0694328,101.4181508,127.589831,136.9355128,149.2394424,165.7187706,176.5762341,185.6471003,184.5342392,189.1819143,217.9489571,226.206721,217.5820856,225.3996792,217.7067906,230.1679527,230.4461816,215.15648,215.408304,128.5777258,136.8379362,133.0925015
Peru,0.65341061,0.65341061,0.593781235,0.64833461,0.65341061,0.463520555,0.414043143,0.525694285,0.515542286,0.541765863,0.801011903,1.714086708,1.341920602,1.710279706,1.962337173,2.410210739,2.793366104,2.052840737,2.259645943,2.342960892,1.840534146,1.10254678,1.687019634,1.602861064,1.219273885,0.999784956,0.444073722,0.440266723,0.440266723,0.451262335,0.35314477,0.390357567,0.447455336,0.328190194,0.430958335,0.800154701,1.991091478,2.084133043,2.642382433,5.991877537,1.637528632,3.033157999,3.92635442,3.647229724,3.92635442,4.52181622,4.670686631,5.275006034,3.70560446,3.169348871,2.092209238,2.271200179,1.791302888
Uruguay,,,,,,,,0.001269,0.002538,0.003807,0.007614,0.007614,0.001269,0.003807,0.001269,0.001269,0.001269,0.001269,0.001269,,,,,0.001269,0.001269,,,,,,,,,,,,,,,,,,,,,,,,,,,,
Venezuela,0.853856416,0.853856416,0.776230865,0.970288504,1.106130215,1.282103163,1.630087204,2.270476435,1.630087204,1.067317401,0.815043602,0.950885313,0.989691772,0.718014783,0.989691772,0.776230865,1.106130215,1.203159034,21.1615202,41.25440188,42.49637474,42.20755325,47.54413623,74.03301283,83.01788518,78.86505069,70.61760112,99.86209585,144.6894285,135.4328739,153.0145023,147.1927692,143.00113,132.0950864,130.9501426,139.6245229,135.5104931,118.3169808,95.51520822,63.68973872,52.97775321,40.75211747,23.28692533,18.37726572,23.28692533,15.56342942,17.46519338,9.702885349,3.881154016,7.645291942,13.78783646,3.237698214,0.392199181
Armenia,,,,,,,,,0.026878563,0.027331448,0.027353232,0.026961086,0.026568278,0.026175803,0.025783655,0.025783655,0.025901167,0.025783655,0.025783655,0.025783655,,,,,,,,,,,,,,,,,,,,,,,,,,,4.34343E-05,4.34343E-05,6.6314E-05,6.6314E-05,6.6314E-05,6.6314E-05,7.08899E-05
Azerbaijan,,,,,,,,,0.279003167,0.283704174,0.2839303,0.279859762,0.27578237,0.271708422,0.267637866,0.267637866,0.268857664,0.267637866,0.267637866,0.267637866,,,,,,,,,,,,,,,,,,,,,,,,,,,,,,,,,
Georgia,1.704539399,1.704539399,1.738200464,1.763779744,1.806765524,1.83808103,1.856965347,1.889370379,1.890811692,1.893790227,1.883602296,1.811683035,1.807687477,1.725150289,1.689362105,1.699543327,1.749842669,1.790521402,1.846574033,1.790368027,2.293044271,1.044621666,0.229871243,0.27902713,0.29997398,0.055429792,0.02608468,0.008151295,0.024454265,0.02608468,0.011412121,0.001630413,0.009781709,0.013042533,0.013042533,0.008151295,0.014672558,0.022824242,0.017933384,0.247804627,0.171180627,0.228240828,0.414094406,0.651153584,0.470839707,0.481862436,0.467690188,0.422180918,0.217152924,0.024093203,0.156422746,0.254486443,0.211845694
Russian Federation,4110.395963,4068.541869,4089.572012,4102.356459,4132.832571,4146.741277,4159.019278,4130.817635,4121.418022,4019.040176,3861.683334,3655.307521,3628.626846,3466.017258,3460.855114,3329.138104,3399.18739,3379.836853,3397.258208,3279.003563,3079.046985,2712.724671,2570.3102,2325.022806,2070.114622,2019.857862,1884.259441,1763.720928,1645.755145,1799.12252,1795.199069,1875.440553,1808.005332,1924.442368,1985.092889,2229.594622,2287.221898,2342.842506,2363.524611,2104.423464,2279.332377,2271.563851,2575.860067,2586.438567,2682.59376,2809.675263,2956.514688,3236.949941,3509.382496,3669.807316,3398.957568,3691.768174,3732.581695
Cambodia,,,,,,,,,,,,,,,,,,,,,,,,,,,,,,,,,,,,,,,,,,,,,,,,0.046413269,0.071649381,0.084876907,0.100309212,0.102489562,0.102489562
Lao People's Democratic Republic,,,,,,,,,,,,,,,,,,,,,0.0347953,0.054856281,0.30554611,0.132810561,0.174337799,0.26944236,0.612171008,0.886939889,1.075555826,1.929958468,0.417738003,0.504948505,0.677542819,0.800353355,0.963260758,1.056715231,1.242692384,1.474972066,1.943821602,2.100526694,3.671688964,3.956598131,4.156078889,4.42764943,4.699217303,6.211782917,13.78498894,14.00430653,16.34869237,16.05780038,17.65826653,22.71136617,24.49664162
Myanmar,0.193764887,0.190582866,0.199896851,0.122814188,0.156904516,0.177864112,0.150886346,0.204404529,0.307867601,0.161850477,0.139967038,0.220144649,0.327807783,0.389336275,0.468638588,0.4516438,0.527650202,0.399381841,0.312337208,0.300602534,0.401651684,0.429067587,0.297274564,0.099587447,0.308656121,0.120335052,0.094709571,0.101061363,0.101999949,0.941943827,3.95627664,4.641441337,3.737761183,6.650312108,3.458849569,4.385906786,5.420093642,5.835579292,5.042565053,4.651110659,5.353453999,5.360024103,6.493241535,4.441915996,5.329923637,5.786270962,3.673092034,5.299981572,9.388462632,15.18237285,14.69952081,11.39167268,12.93538881
Malaysia,,,,,,,,,,,,,,,,,,,0.172032518,0.850017671,0.763861321,1.376328542,0.578056468,2.883406858,0.970310628,0.929021785,1.67223878,1.67223878,2.40857514,1.899332477,2.642551891,3.757376046,2.429219466,1.20428757,2.676957488,5.422734318,6.20035933,7.397766391,8.629580832,14.71295242,16.4952992,20.06687147,20.30084593,19.91547228,18.49097509,17.61012335,15.5456327,20.56931994,18.25602086,23.80484292,22.46053371,21.46463594,22.64843659
Philippines,0.040072731,0.040072731,0.039070912,0.039070912,0.051092729,0.105190918,0.121220008,0.285518205,4.156633098,4.277101946,5.289335748,5.318957199,8.966553049,16.34476036,19.46121167,20.15513388,19.72133669,18.86951965,21.10307505,19.48198101,18.9698923,20.14030156,24.6295438,23.36293928,21.29468299,19.49898043,16.18014603,15.57089613,16.75734029,17.01386761,19.56311438,17.81551795,24.40508062,29.77614349,39.82884337,46.19111231,36.95609768,54.52827708,57.86314072,75.15013261,106.6243615,110.8091672,99.33163315,95.48353915,103.5164503,99.94092273,161.3982462,172.9638306,170.1263594,202.4008402,186.5034204,220.6761007,232.5316716
Thailand,0.334123713,0.334123713,0.259039737,0.271053019,0.397945105,0.397194427,0.457261592,0.498438225,0.600232447,1.258381762,1.338236834,1.511988045,1.993753657,1.891960231,2.187687976,4.890139121,5.161603925,6.504789232,6.842235808,8.389962274,11.70786712,13.84565385,14.82300287,14.90632544,16.30317083,17.44240621,20.34141296,22.04992699,19.00537161,17.2172849,16.69132175,18.49071942,18.47658101,17.76115759,18.90828527,19.67932107,17.91008638,17.19183552,16.94959153,16.76484366,17.29080681,20.10254301,17.03159576,16.58103948,15.02288873,12.53921191,13.99541595,13.34261346,12.20758882,11.47959779,10.66761932,11.25534461,10.5049883
Viet Nam,44.35689846,44.35689846,29.67016659,44.35689846,59.34033318,77.14243512,83.0764625,91.97751841,89.01049978,81.59295813,77.14243512,89.01049978,93.16431993,93.46102279,74.17541648,82.98745461,90.8203763,93.93574142,89.88576874,76.19298797,68.80511561,75.54024367,74.17541648,87.5269954,84.55997676,123.8729416,145.7250261,168.9419377,173.1550965,142.8470153,172.2204889,192.2923563,235.8778284,247.7458831,405.7246747,501.3505443,567.3373034,621.5460077,581.9515668,653.900817,665.1309374,691.6059339,628.883202,609.3396883,609.3831761,591.8696423,559.5736688,552.3931607,616.6668849,683.0206363,650.8273612,772.7783041,801.5505104
Botswana,,,0.112306134,0.280767899,0.46326785,0.996724642,3.144597268,4.127286038,4.40805401,4.983627857,5.208240142,5.34862558,5.825929446,5.545161475,5.517084503,6.134773808,6.878809193,6.836694607,8.549375919,9.30745008,11.14647805,11.0060961,12.64858528,12.49416222,12.63454766,12.60647127,10.71128994,10.90782467,13.02762178,13.266274,13.29435155,13.05569817,13.37858072,11.55359094,12.81704711,13.82780994,13.50492739,11.62378483,12.77492961,10.3603275,13.86992511,11.06224888,20.65046577,21.00142588,24.03371788,29.27003267,26.35005088,31.16013392,34.84765402,29.63350242,26.50434496,27.84370834,28.14243984
Mozambique,5.056729146,5.056729146,5.16431596,6.055775205,6.547614706,8.837739754,8.499600248,4.995248909,2.290125048,3.073997481,3.181584294,5.072095603,3.089370543,0.891459245,0.614799489,0.537946489,0.061479952,0.660912557,0.691652526,0.76849937,0.614799489,0.645539495,0.614799489,0.614799489,0.614799489,0.58405952,0.307399744,0.276659776,0.276659776,0.261286713,0.245919807,0.430359638,0.676279464,0.568686458,0.261286713,0.046113036,0.630166433,0.368879701,0.58405952,0.58405952,0.58405952,30.09825563,81.58880105,102.3023468,116.1726602,111.2798446,103.5609006,193.6677167,263.1558303,177.986423,122.2408086,172.583777,186.3883523
Malawi,,,,,,,,,,,,,,,,,,,,,0.769906984,0.786288016,0.835431031,0.851811984,0.835431031,0.802668969,0.868193016,0.900955,0.900955,1.032003016,1.294098969,0.786288016,0.98286,1.081146031,0.81905,0.737145,0.900955,0.966478969,0.950098016,0.966478969,1.064765,1.359622938,1.228575,1.097526984,1.048383969,0.966478969,0.704383016,0.785468941,0.814954781,0.896370878,0.900269312,0.900269312,0.939446571
Swaziland,,,,,,,,,2.668297824,2.695123503,2.818058506,2.622567089,2.61927069,1.627058456,1.991531463,2.641631713,2.735563362,2.622773684,2.621340956,2.619908227,2.539127783,1.949020172,1.582244037,0.78997911,2.871517459,2.694279838,2.032526546,5.372801813,5.372801813,6.964160363,5.955774725,4.963144643,6.680552839,7.07445157,7.688935596,7.10596499,6.995671478,7.279281308,7.090207127,6.302406784,5.041925312,1.922235196,2.111306783,3.686907326,3.277252749,3.040912185,2.804571333,2.036277136,2.036277136,1.850669293,1.816163672,1.822908624,1.626576082
Tanzania_United Republic of,,,,,,,,,0.015349,0.015349,0.015349,0.015349,0.015349,0.15349,0.15349,0.231504,0.062664998,0.047316001,0.047316001,0.048588,0.063937001,0.063937001,0.063937001,0.677897015,0.708595,0.677897015,0.874892985,0.429772015,0.690705,1.151175,1.212570971,1.197222015,1.212570971,0.844195,0.997685,0.475818993,0.276281996,0.414422985,0.230235,,,1.243269029,1.212570971,1.304665,3.775853884,3.944693058,4.236323884,8.573231497,9.63382955,10.93057581,10.59017906,10.59017906,11.86095009
South Africa,450.2195324,444.5773914,437.2776139,460.2410732,481.225324,499.1512911,541.0116567,594.6373747,638.6455113,719.1976572,781.9129995,853.4467364,911.5447408,942.3864969,1041.945288,1094.875895,1109.766723,1099.92435,1122.985288,1082.024697,1065.44771,1066.22874,1025.181497,1083.990736,1106.341114,1141.879769,1141.696378,1215.704198,1227.887492,1224.829079,1227.241114,1220.61854,1202.16351,1302.871534,1325.359559,1337.847521,1336.889169,1353.688874,1377.982499,1362.089934,1399.717783,1388.663,1421.628151,1413.995732,1435.40801,1411.962719,1411.300216,1417.991764,1414.756406,1423.081788,1358.565785,1256.024005,1235.033214
Zambia,0.754241529,0.754241529,0.89078561,0.873136876,0.75238386,0.756099198,0.71708676,0.642777297,0.628844268,0.500660614,0.529455323,0.471865538,0.562894754,0.421706758,0.477438507,0.474652188,0.512735607,0.430066414,0.486727585,0.381765303,0.350183541,0.320459814,0.391982628,0.309313435,0.151405724,0.141188014,0.118895311,0.073380501,0.180200433,0.175556096,0.182058468,0.190418143,0.199706835,0.208995527,0.11053526,0.139330345,0.059447467,0.013004016,0.000929019,0.000929019,0.000929019,0.000929019,0.112393296,0.138401327,0.147690019,0.152334365,0.304669098,0.740663394,1.090584931,0.925067226,1.022455164,1.022455164,1.166012378
Zimbabwe,32.84210562,31.91224508,27.03986727,29.48253235,28.47608323,24.68356814,27.94940262,23.75534934,22.08069065,21.42921167,22.19561688,18.74712076,18.99972572,18.41304996,18.38275218,20.18745793,22.72427104,30.22198781,28.61891026,28.73626888,31.56163295,35.51938557,35.12431477,31.52223974,29.27893242,27.7558144,26.12941893,23.71822587,24.62746629,27.51765472,26.35754644,26.23854213,24.21645679,20.29015834,19.01684054,21.42845331,20.65883525,20.0093345,15.17673104,16.2929097,16.93168636,16.66766831,17.79669336,18.33121692,33.82495358,25.45517847,9.784125028,17.13625596,19.60257814,9.520080454,9.124424974,9.121185335,8.982266366
Turkey,83.62248823,84.99507844,95.47636638,96.42050987,102.7926169,102.7963119,106.3116869,105.7940222,105.7528246,96.32085989,94.5186536,104.9043496,109.1896344,111.8564891,124.1312733,142.2220535,150.2367479,157.7141832,147.4435,159.8448947,143.2104729,131.822891,137.1183448,133.1648259,136.3627494,132.1527501,135.7829712,141.4444459,143.9295525,136.3599839,138.7791827,132.473816,122.1843008,120.0430552,108.3776194,108.419887,131.697965,147.6867672,160.5399481,164.5798913,162.2797021,161.9484061,151.7280664,131.1385774,134.2199703,123.2609524,143.265776,145.051195,151.3785987,157.8342373,136.4349131,156.6343352,172.7220285
Belarus,,,,,,,,,0.64195582,0.652772324,0.653292614,0.64392675,0.634545116,0.625171407,0.615805503,0.615805503,0.618612124,0.615805503,0.615805503,0.615805503,,,,,,,,,,,,,,,,,,,,,,,,,,,,,,,,,
"Moldova, Republic of",,,,,,,,,0.010309586,0.010483295,0.010491651,0.010341238,0.010190573,0.010040034,0.009889621,0.009889621,0.009934694,0.009889621,0.009889621,0.009889621,,,,,,,,,,,,,,,,,,,,,,,,,,,,,,,,,
Ukraine,1019.21545,1013.121347,1031.605974,1047.817952,1068.487446,1083.158649,1096.100661,1103.619669,1139.053467,1121.842107,1093.916357,1036.451007,1025.198778,983.3059024,948.646878,938.3692954,956.1868998,944.3080527,937.0549124,876.3941305,1389.681821,1165.317628,1158.114852,1046.397435,825.7855842,755.7295977,566.6991555,547.6647159,528.2993331,558.3913703,535.2044282,538.7877266,547.8166114,561.716965,559.2891871,595.340128,588.3275392,660.3151476,679.5601988,602.8185344,589.0462011,738.3345841,724.3270136,758.9341556,636.3156585,336.3884953,388.7745373,238.0005296,271.1508634,250.8322367,303.7521475,171.5910464,117.3740543
United States,3861.61069,3186.750711,3478.118425,3422.828729,3215.038153,3381.310191,3414.310693,3142.382077,2891.367447,3663.364716,3815.512272,3548.730118,3682.77651,3221.838916,3718.309796,3658.776806,3688.93999,3827.473114,3869.407837,3977.152051,4416.455917,4023.598336,3955.748573,3741.02418,3679.941625,3552.716025,3478.020621,3706.110457,3647.359517,3588.810257,3361.566423,3461.713851,3205.992967,3130.759543,3263.466235,3346.278783,3189.708774,3168.268952,3160.257406,2765.113154,2610.744521,2762.966215,2584.931943,2479.368319,2577.684049,2213.219715,1629.318293,1780.614298,1721.923752,1679.239278,1079.341689,1215.137228,1261.00463
Congo_the Democratic Republic of the,1.541098947,1.522394204,1.718503791,1.723647969,1.518651681,2.067950696,1.387256978,1.603783178,1.265752677,1.163977866,1.580137124,1.58480862,1.376368791,1.249754311,1.322476477,1.306720112,1.277694067,1.302255416,1.305231749,1.318638275,1.321301772,,,,,,,,,,,,,,,,,,,,,,,,,,,,,,,,
Niger,,,,,,,,,,,0.022046,0.033069,0.0496035,0.143299,0.165345,0.166447302,0.136685198,0.180777198,0.1708565,0.188493302,0.169754198,0.173061105,0.147708198,0.171958802,0.171958802,0.188493302,0.200618605,0.179674895,0.199516291,0.185186395,0.174163395,0.179674895,0.201720895,0.208334709,0.261245105,0.200618605,0.194004791,0.188493302,0.201720895,0.210539291,0.3031325,0.291007209,0.276677291,0.266756605,0.289904895,0.249119791,0.272268105,0.256835895,0.246915209,0.249119791,0.272268105,0.273370395,0.273590854
Nigeria,1.61937357,1.61937357,2.84843671,2.715564786,2.524561935,1.876812383,1.129409274,1.627677988,1.784105462,1.401215231,1.433801538,0.945005615,0.456209615,0.431769808,0.619141615,1.140524,1.173110385,1.181257,0.668021231,0.684314385,0.733194,0.81466,0.708754231,0.228104808,0.203665,0.162932,0.065172798,0.081466,0.097759202,0.130345596,0.0244398,0.0244398,0.350303808,0.187371808,0.065172798,0.065172798,0.065172798,0.187371808,0.260691192,0.276984404,0.309570808,0.260691192,0.391036808,0.358450385,0.374743615,0.415476615,0.423623192,0.4174722,0.393202915,0.444911724,0.353726632,0.353726632,0.33974732
Saint Helena,,,,,,,,,,,,0.000587703,0.000611576,0.000704129,0.000803304,0.000845653,0.00093886,0.002231245,0.001653021,0.001625084,0.001356956,0.000607386,0.000374141,0.000614922,0.000940892,0.000897336,0.0007047,0.000902225,0.000785145,0.00101886,0.002856008,0.001724449,0.001946228,0.001701084,0.002115943,0.001966355,0.001842989,0.001965339,0.002028514,0.002071308,0.002228197,0.002316705,0.002425086,0.00295905,0.002954007,0.002977353,0.003127185,0.003277016,0.003447402,0.003545072,0.003663285,0.003800472,0.003942796