model,dD,year,FF,FF_std,BB,BB_std,Mic,Mic_std,S_tot,n_phys
v1.0 (3×3),ben,2006,78.76,45.49,77.05,28.01,394.06,49.97,549.87,2366
v1.0 (3×3),ben,2007,53.97,36.69,92.21,24.27,412.48,47.99,558.65,1564
v1.0 (3×3),ben,2008,63.08,40.95,83.97,26.02,412.91,48.83,559.97,1942
v1.0 (3×3),ben,2009,60.08,39.46,80.13,25.01,421.48,48.77,561.68,1813
v1.0 (3×3),ben,2010,49.77,34.31,84.85,23.81,427.57,48.29,562.20,1345
v1.0 (3×3),ben,2011,47.75,33.45,86.39,23.32,428.94,48.34,563.08,1266
v1.0 (3×3),ben,2012,47.46,33.40,88.51,23.43,429.91,48.53,565.88,1250
v1.0 (3×3),ben,2013,51.98,35.58,89.34,24.34,430.81,48.83,572.13,1411
v1.0 (3×3),ben,2014,81.47,47.38,80.38,29.13,420.54,51.34,582.39,2336
v1.0 (3×3),ben,2015,106.00,52.77,71.34,31.71,409.35,53.97,586.68,2665
v1.0 (3×3),ben,2016,64.02,41.70,84.49,26.22,432.60,50.56,581.11,1890
v1.0 (3×3),ben,2017,53.69,37.00,84.25,24.74,444.56,49.79,582.51,1465
v1.0 (3×3),ben,2018,61.95,41.10,80.38,25.98,445.52,51.09,587.85,1806
v1.0 (3×3),ben,2019,66.52,43.06,83.64,26.92,446.44,51.72,596.60,1928
v1.0 (3×3),ben,2020,68.49,44.12,85.88,27.45,455.63,52.19,610.00,1946
v1.0 (3×3),ben,2021,59.58,40.50,84.14,26.30,477.29,51.81,621.01,1594
v1.0 (3×3),ours,2006,62.64,39.70,83.69,25.48,403.05,48.36,549.38,1855
v1.0 (3×3),ours,2007,58.69,38.68,90.54,25.05,408.24,47.38,557.47,1718
v1.0 (3×3),ours,2008,67.30,41.72,82.45,26.29,409.50,48.57,559.25,1963
v1.0 (3×3),ours,2009,60.88,39.60,80.24,25.38,420.22,48.27,561.34,1793
v1.0 (3×3),ours,2010,52.20,35.99,84.11,24.08,423.97,47.97,560.27,1476
v1.0 (3×3),ours,2011,64.61,40.69,79.70,25.76,415.92,49.12,560.24,1883
v1.0 (3×3),ours,2012,75.95,45.21,77.22,27.75,410.01,50.57,563.18,2196
v1.0 (3×3),ours,2013,63.50,40.83,85.07,26.14,422.71,49.67,571.28,1834
v1.0 (3×3),ours,2014,61.35,40.33,88.83,26.02,432.20,49.11,582.39,1736
v1.0 (3×3),ours,2015,68.45,42.67,86.52,26.87,430.25,50.34,585.22,1908
v1.0 (3×3),ours,2016,58.96,39.24,86.88,25.41,435.09,49.53,580.94,1650
v1.0 (3×3),ours,2017,60.18,39.99,82.14,25.83,439.21,49.98,581.53,1717
v1.0 (3×3),ours,2018,61.22,40.51,81.15,26.00,445.20,50.28,587.56,1728
v1.0 (3×3),ours,2019,67.26,42.58,83.63,26.80,445.36,51.35,596.25,1851
v1.0 (3×3),ours,2020,62.51,41.57,88.90,26.93,458.83,51.32,610.25,1705
v1.0 (3×3),ours,2021,57.20,39.58,85.63,26.00,477.87,51.88,620.69,1501
v2.0 (2-hemi),ben,2006,59.78,38.46,85.62,25.28,406.18,48.12,551.58,1858
v2.0 (2-hemi),ben,2007,54.39,36.89,93.14,25.01,413.23,48.24,560.76,1672
v2.0 (2-hemi),ben,2008,64.70,40.23,84.36,26.20,412.80,48.74,561.85,1962
v2.0 (2-hemi),ben,2009,41.38,31.43,89.19,23.21,437.35,48.30,567.92,1095
v2.0 (2-hemi),ben,2010,39.60,30.02,89.91,22.68,436.48,48.04,565.99,961
v2.0 (2-hemi),ben,2011,71.55,42.36,77.50,26.76,413.45,50.28,562.49,2113
v2.0 (2-hemi),ben,2012,75.81,44.26,77.77,27.46,411.43,50.57,565.01,2236
v2.0 (2-hemi),ben,2013,64.94,40.65,85.02,26.33,422.94,49.61,572.91,1935
v2.0 (2-hemi),ben,2014,58.03,38.93,90.78,25.85,435.84,49.59,584.64,1729
v2.0 (2-hemi),ben,2015,65.61,41.40,88.41,26.86,433.47,50.58,587.49,1918
v2.0 (2-hemi),ben,2016,56.06,38.20,88.79,25.66,438.72,50.32,583.57,1663
v2.0 (2-hemi),ben,2017,60.85,39.68,82.33,26.03,440.23,50.66,583.42,1802
v2.0 (2-hemi),ben,2018,62.58,40.57,81.07,26.34,445.88,51.17,589.53,1840
v2.0 (2-hemi),ben,2019,68.86,42.58,83.79,27.49,446.09,51.85,598.75,1958
v2.0 (2-hemi),ben,2020,63.66,41.37,88.96,27.15,459.77,52.15,612.40,1804
v2.0 (2-hemi),ben,2021,56.22,38.64,86.37,26.12,480.99,52.00,623.59,1516
v2.0 (2-hemi),ours,2006,60.45,40.33,84.71,26.01,403.65,48.37,548.80,1843
v2.0 (2-hemi),ours,2007,54.79,37.84,92.14,25.09,410.76,48.49,557.69,1571
v2.0 (2-hemi),ours,2008,65.39,42.53,83.43,26.96,409.96,48.99,558.77,1979
v2.0 (2-hemi),ours,2009,60.71,40.90,80.15,26.05,419.75,48.78,560.60,1812
v2.0 (2-hemi),ours,2010,52.70,36.95,83.66,24.68,423.91,49.28,560.26,1463
v2.0 (2-hemi),ours,2011,61.53,41.12,80.99,26.23,417.09,49.18,559.62,1838
v2.0 (2-hemi),ours,2012,73.94,45.82,77.90,27.84,410.23,50.54,562.08,2231
v2.0 (2-hemi),ours,2013,66.08,43.24,83.99,27.19,420.13,49.93,570.19,1963
v2.0 (2-hemi),ours,2014,59.36,40.57,89.50,26.26,432.98,49.88,581.84,1675
v2.0 (2-hemi),ours,2015,66.50,43.56,87.56,27.75,430.60,50.69,584.67,1916
v2.0 (2-hemi),ours,2016,58.52,40.22,86.91,26.02,434.77,50.28,580.20,1644
v2.0 (2-hemi),ours,2017,60.86,41.39,81.64,26.68,438.19,50.43,580.68,1734
v2.0 (2-hemi),ours,2018,61.92,42.00,80.64,26.84,444.06,50.67,586.61,1757
v2.0 (2-hemi),ours,2019,66.48,44.26,84.12,27.92,445.14,51.81,595.74,1905
v2.0 (2-hemi),ours,2020,62.49,42.54,88.67,27.51,458.37,52.03,609.53,1689
v2.0 (2-hemi),ours,2021,56.97,40.60,85.44,26.84,478.20,52.90,620.61,1456
v3.1 (3×3 opt),ben,2006,80.02,46.94,77.20,28.64,393.92,49.64,551.15,2352
v3.1 (3×3 opt),ben,2007,55.49,38.57,92.14,25.08,412.20,47.21,559.82,1566
v3.1 (3×3 opt),ben,2008,65.20,42.60,83.71,26.74,411.98,47.96,560.88,1912
v3.1 (3×3 opt),ben,2009,62.47,41.16,79.72,25.96,420.23,47.59,562.42,1787
v3.1 (3×3 opt),ben,2010,50.91,36.72,84.61,24.42,427.33,46.71,562.85,1361
v3.1 (3×3 opt),ben,2011,48.28,36.22,86.54,24.29,428.73,46.96,563.55,1298
v3.1 (3×3 opt),ben,2012,48.42,36.08,88.52,24.33,429.53,46.88,566.47,1270
v3.1 (3×3 opt),ben,2013,53.03,37.92,89.27,25.04,430.76,47.35,573.06,1429
v3.1 (3×3 opt),ben,2014,82.74,48.92,80.65,29.98,420.67,51.98,584.06,2323
v3.1 (3×3 opt),ben,2015,107.49,54.26,70.98,31.87,410.21,54.66,588.68,2649
v3.1 (3×3 opt),ben,2016,66.09,43.51,84.40,27.34,431.65,49.56,582.14,1868
v3.1 (3×3 opt),ben,2017,55.20,39.14,84.27,25.73,444.25,49.25,583.72,1473
v3.1 (3×3 opt),ben,2018,64.69,42.61,79.77,26.79,443.88,49.62,588.34,1771
v3.1 (3×3 opt),ben,2019,68.87,44.74,83.41,28.03,445.57,51.06,597.85,1898
v3.1 (3×3 opt),ben,2020,70.83,45.84,85.70,28.67,454.83,51.62,611.36,1916
v3.1 (3×3 opt),ben,2021,61.75,42.39,83.81,27.23,476.70,51.38,622.27,1585
v3.1 (3×3 opt),ours,2006,61.10,40.59,83.96,25.70,403.22,47.45,548.29,1907
v3.1 (3×3 opt),ours,2007,57.81,39.44,90.39,25.25,408.27,47.14,556.48,1744
v3.1 (3×3 opt),ours,2008,65.90,42.25,83.12,26.99,410.41,48.69,559.43,2014
v3.1 (3×3 opt),ours,2009,59.72,40.49,80.28,25.70,420.17,47.67,560.17,1831
v3.1 (3×3 opt),ours,2010,52.20,36.84,83.13,24.22,423.79,47.08,559.12,1477
v3.1 (3×3 opt),ours,2011,62.82,41.50,80.21,26.15,416.44,48.47,559.47,1941
v3.1 (3×3 opt),ours,2012,75.66,44.73,77.29,27.78,410.52,50.08,563.47,2212
v3.1 (3×3 opt),ours,2013,62.25,41.75,85.09,26.33,422.56,48.59,569.89,1877
v3.1 (3×3 opt),ours,2014,60.35,41.24,88.73,26.33,432.10,48.64,581.18,1766
v3.1 (3×3 opt),ours,2015,66.77,43.61,87.14,27.61,431.21,50.30,585.12,1967
v3.1 (3×3 opt),ours,2016,58.39,40.11,86.56,25.77,435.03,49.23,579.98,1666
v3.1 (3×3 opt),ours,2017,59.61,40.81,81.78,26.12,439.14,49.52,580.53,1735
v3.1 (3×3 opt),ours,2018,60.29,41.26,80.95,26.27,445.22,49.83,586.46,1752
v3.1 (3×3 opt),ours,2019,65.56,43.41,84.14,27.37,445.79,50.76,595.49,1902
v3.1 (3×3 opt),ours,2020,61.96,42.50,88.40,27.07,458.72,50.90,609.08,1723
v3.1 (3×3 opt),ours,2021,57.83,40.42,84.30,26.29,477.19,50.49,619.32,1491
v3.2 (BB fix),ben,2000,191.91,34.76,23.46,4.65,324.11,38.00,539.47,3000
v3.2 (BB fix),ben,2001,194.17,34.79,23.71,4.70,321.56,37.83,539.43,3000
v3.2 (BB fix),ben,2002,185.78,36.31,30.45,6.04,332.96,38.60,549.20,3000
v3.2 (BB fix),ben,2003,193.45,35.79,27.93,5.54,326.88,38.28,548.26,3000
v3.2 (BB fix),ben,2004,175.29,36.05,28.38,5.62,334.10,38.39,537.77,3000
v3.2 (BB fix),ben,2005,171.32,36.05,28.37,5.62,338.69,38.55,538.38,3000
v3.2 (BB fix),ben,2006,178.98,36.97,32.82,6.51,339.62,38.99,551.42,3000
v3.2 (BB fix),ben,2007,203.99,35.72,26.92,5.33,329.11,38.42,560.02,3000
v3.2 (BB fix),ben,2008,198.39,35.75,24.86,4.93,338.63,38.52,561.88,3000
v3.2 (BB fix),ben,2009,180.79,36.59,27.82,5.51,354.94,39.38,563.55,3000
v3.2 (BB fix),ben,2010,181.78,36.46,27.62,5.47,352.63,39.48,562.02,3000
v3.2 (BB fix),ben,2011,187.70,36.01,25.81,5.11,349.22,39.47,562.73,3000
v3.2 (BB fix),ben,2012,187.42,36.45,28.00,5.55,350.32,39.77,565.73,3000
v3.2 (BB fix),ben,2013,198.81,36.03,25.58,5.07,348.71,39.75,573.09,3000
v3.2 (BB fix),ben,2014,194.83,37.30,30.47,6.04,359.39,40.51,584.69,3000
v3.2 (BB fix),ben,2015,185.19,38.60,35.57,7.05,367.08,41.36,587.84,3000
v3.2 (BB fix),ben,2016,199.06,36.61,25.76,5.10,358.54,40.57,583.35,3000
v3.2 (BB fix),ben,2017,187.75,36.96,26.39,5.23,369.66,41.12,583.80,3000
v3.2 (BB fix),ben,2018,186.98,37.13,26.25,5.20,376.77,41.55,590.00,3000
v3.2 (BB fix),ben,2019,183.07,38.53,33.25,6.59,382.82,42.55,599.15,3000
v3.2 (BB fix),ben,2020,204.96,37.45,26.54,5.26,381.18,42.28,612.68,3000
v3.2 (BB fix),ben,2021,181.65,39.18,31.76,6.29,410.01,43.87,623.43,3000
v3.2 (BB fix),ours,2000,191.91,34.76,23.46,4.65,324.11,38.00,539.47,3000
v3.2 (BB fix),ours,2001,194.17,34.79,23.71,4.70,321.56,37.83,539.43,3000
v3.2 (BB fix),ours,2002,185.78,36.31,30.45,6.04,332.96,38.60,549.20,3000
v3.2 (BB fix),ours,2003,193.45,35.79,27.93,5.54,326.88,38.28,548.26,3000
v3.2 (BB fix),ours,2004,175.29,36.05,28.38,5.62,334.10,38.39,537.77,3000
v3.2 (BB fix),ours,2005,171.32,36.05,28.37,5.62,338.69,38.55,538.38,3000
v3.2 (BB fix),ours,2006,178.98,36.97,32.82,6.51,339.62,38.99,551.42,3000
v3.2 (BB fix),ours,2007,203.99,35.72,26.92,5.33,329.11,38.42,560.02,3000
v3.2 (BB fix),ours,2008,198.39,35.75,24.86,4.93,338.63,38.52,561.88,3000
v3.2 (BB fix),ours,2009,180.79,36.59,27.82,5.51,354.94,39.38,563.55,3000
v3.2 (BB fix),ours,2010,181.78,36.46,27.62,5.47,352.63,39.48,562.02,3000
v3.2 (BB fix),ours,2011,187.70,36.01,25.81,5.11,349.22,39.47,562.73,3000
v3.2 (BB fix),ours,2012,187.42,36.45,28.00,5.55,350.32,39.77,565.73,3000
v3.2 (BB fix),ours,2013,198.81,36.03,25.58,5.07,348.71,39.75,573.09,3000
v3.2 (BB fix),ours,2014,194.83,37.30,30.47,6.04,359.39,40.51,584.69,3000
v3.2 (BB fix),ours,2015,185.19,38.60,35.57,7.05,367.08,41.36,587.84,3000
v3.2 (BB fix),ours,2016,199.06,36.61,25.76,5.10,358.54,40.57,583.35,3000
v3.2 (BB fix),ours,2017,187.75,36.96,26.39,5.23,369.66,41.12,583.80,3000
v3.2 (BB fix),ours,2018,186.98,37.13,26.25,5.20,376.77,41.55,590.00,3000
v3.2 (BB fix),ours,2019,183.07,38.53,33.25,6.59,382.82,42.55,599.15,3000
v3.2 (BB fix),ours,2020,204.96,37.45,26.54,5.26,381.18,42.28,612.68,3000
v3.2 (BB fix),ours,2021,181.65,39.18,31.76,6.29,410.01,43.87,623.43,3000
v3.3 (dD≥2010),ben,2011,47.29,34.46,87.68,24.12,429.73,48.51,564.69,1312
v3.3 (dD≥2010),ben,2012,46.96,34.45,89.81,24.22,430.91,48.65,567.69,1296
v3.3 (dD≥2010),ben,2013,51.02,36.52,90.97,25.13,432.00,49.16,574.00,1479
v3.3 (dD≥2010),ben,2014,82.97,47.02,80.80,28.70,419.94,51.24,583.71,2345
v3.3 (dD≥2010),ben,2015,108.43,52.54,70.54,30.36,408.47,53.53,587.45,2647
v3.3 (dD≥2010),ben,2016,64.51,41.43,85.82,26.78,433.11,50.86,583.43,1929
v3.3 (dD≥2010),ben,2017,52.75,37.52,86.14,25.65,445.41,50.27,584.31,1532
v3.3 (dD≥2010),ben,2018,62.36,40.68,81.70,26.52,445.64,50.99,589.70,1841
v3.3 (dD≥2010),ben,2019,67.28,42.55,84.89,27.32,446.78,52.07,598.95,1955
v3.3 (dD≥2010),ben,2020,69.49,43.65,87.14,28.10,455.85,52.48,612.49,1969
v3.3 (dD≥2010),ben,2021,59.21,40.43,85.76,26.87,478.09,52.33,623.06,1646
v3.3 (dD≥2010),ours,2011,62.60,40.05,80.51,24.69,417.12,48.13,560.23,1903
v3.3 (dD≥2010),ours,2012,73.94,44.51,78.41,27.29,411.95,50.17,564.30,2226
v3.3 (dD≥2010),ours,2013,61.44,40.17,85.97,25.07,423.76,48.52,571.16,1852
v3.3 (dD≥2010),ours,2014,59.85,39.38,89.69,25.08,433.48,49.14,583.01,1733
v3.3 (dD≥2010),ours,2015,66.39,41.89,87.49,25.92,431.56,49.53,585.43,1927
v3.3 (dD≥2010),ours,2016,57.36,38.36,87.89,24.64,435.91,48.70,581.16,1648
v3.3 (dD≥2010),ours,2017,58.89,39.19,82.83,24.96,440.06,49.42,581.78,1709
v3.3 (dD≥2010),ours,2018,59.81,39.72,81.99,25.27,446.17,49.85,587.97,1722
v3.3 (dD≥2010),ours,2019,64.84,42.07,84.84,26.08,447.08,50.80,596.76,1878
v3.3 (dD≥2010),ours,2020,61.41,40.54,89.43,25.81,459.25,50.32,610.10,1689
v3.3 (dD≥2010),ours,2021,55.09,39.27,86.85,25.56,479.39,50.87,621.33,1509
v4.0 (Mic/NM),ben,2006,79.28,54.19,76.29,30.22,394.33,53.03,549.90,1985
v4.0 (Mic/NM),ben,2007,56.08,44.49,89.57,27.22,414.85,52.32,560.50,1066
v4.0 (Mic/NM),ben,2008,66.13,48.37,81.72,28.33,412.95,52.11,560.80,1442
v4.0 (Mic/NM),ben,2009,62.95,46.94,78.08,27.84,421.87,51.87,562.89,1351
v4.0 (Mic/NM),ben,2010,52.19,42.28,81.82,26.29,428.96,52.88,562.97,908
v4.0 (Mic/NM),ben,2011,50.67,41.41,82.95,25.93,430.06,53.24,563.68,823
v4.0 (Mic/NM),ben,2012,50.32,41.27,85.13,26.09,430.77,53.40,566.22,800
v4.0 (Mic/NM),ben,2013,54.57,43.71,86.05,26.97,432.22,53.66,572.85,949
v4.0 (Mic/NM),ben,2014,82.39,56.21,79.49,31.54,420.57,55.25,582.46,1944
v4.0 (Mic/NM),ben,2015,104.73,60.95,71.53,33.13,410.48,56.50,586.74,2366
v4.0 (Mic/NM),ben,2016,67.21,49.37,82.26,28.95,432.53,53.69,582.00,1408
v4.0 (Mic/NM),ben,2017,56.65,44.33,81.40,27.21,445.46,54.09,583.50,1015
v4.0 (Mic/NM),ben,2018,65.20,48.68,78.12,28.82,445.34,54.36,588.66,1355
v4.0 (Mic/NM),ben,2019,70.09,50.80,81.30,29.69,446.19,55.05,597.59,1455
v4.0 (Mic/NM),ben,2020,72.17,52.21,83.45,30.37,455.16,55.85,610.78,1472
v4.0 (Mic/NM),ben,2021,63.43,48.12,80.93,28.81,477.76,56.46,622.12,1148
v4.0 (Mic/NM),ours,2006,65.66,48.43,82.13,28.34,403.10,49.71,550.89,1426
v4.0 (Mic/NM),ours,2007,61.97,47.13,88.63,28.28,409.71,50.61,560.31,1250
v4.0 (Mic/NM),ours,2008,70.81,50.58,80.97,29.41,409.21,49.73,560.99,1545
v4.0 (Mic/NM),ours,2009,64.98,47.87,78.35,28.36,420.35,50.30,563.68,1363
v4.0 (Mic/NM),ours,2010,56.51,43.96,81.43,27.13,425.50,50.41,563.45,1036
v4.0 (Mic/NM),ours,2011,68.25,49.54,78.18,28.99,415.57,50.36,561.99,1476
v4.0 (Mic/NM),ours,2012,78.86,53.73,76.10,30.20,409.91,51.42,564.87,1814
v4.0 (Mic/NM),ours,2013,67.40,49.65,83.08,29.09,422.42,51.08,572.89,1398
v4.0 (Mic/NM),ours,2014,65.30,49.09,86.63,29.21,432.93,51.94,584.86,1286
v4.0 (Mic/NM),ours,2015,71.52,51.82,85.25,30.28,430.31,51.73,587.08,1493
v4.0 (Mic/NM),ours,2016,63.26,47.74,84.68,28.73,436.07,52.70,584.02,1201
v4.0 (Mic/NM),ours,2017,64.50,48.53,79.84,28.83,439.20,52.44,583.54,1292
v4.0 (Mic/NM),ours,2018,65.72,48.92,78.83,28.91,445.22,52.63,589.77,1305
v4.0 (Mic/NM),ours,2019,70.99,51.82,82.05,30.27,445.32,53.20,598.36,1446
v4.0 (Mic/NM),ours,2020,66.90,50.75,86.33,30.03,459.11,54.19,612.34,1269
v4.0 (Mic/NM),ours,2021,62.58,48.20,82.67,29.44,478.43,53.91,623.68,1074
